"lat","lon","Nucifraga_caryocatactes","Merops_apiaster","Grus_grus","Coenagrion_mercuriale","Ophiogomphus_cecilia","Phaneroptera_falcata","Pinus_cembra","Corylus_avellana"
35.25,23.75,0,0,0,0,0,0,0,1
35.25,24.25,0,1,0,0,0,0,0,1
35.25,24.75,0,0,0,0,0,0,0,1
35.25,25.25,0,1,0,0,0,0,0,0
35.25,25.75,0,0,0,0,0,0,0,0
35.25,26.25,0,0,0,0,0,0,0,0
35.25,26.75,0,0,0,0,0,0,0,0
35.25,27.25,0,1,0,0,0,0,0,0
35.75,14.25,0,0,0,0,0,0,0,0
35.75,14.75,0,0,0,0,0,0,0,0
35.75,23.75,0,0,0,0,0,0,0,0
35.75,24.25,0,0,0,0,0,0,0,0
35.75,27.25,0,0,0,0,0,0,0,0
35.75,27.75,0,1,0,0,0,0,0,0
36.25,-6.25,0,0,0,1,0,0,0,0
36.25,-5.75,0,1,0,1,0,0,0,0
36.25,-5.25,0,0,0,1,0,0,0,0
36.25,-4.75,0,0,0,1,0,0,0,0
36.25,14.25,0,0,0,0,0,0,0,0
36.25,22.75,0,0,0,0,0,0,0,0
36.25,23.25,0,0,0,0,0,0,0,0
36.25,25.25,0,0,0,0,0,0,0,0
36.25,25.75,0,0,0,0,0,0,0,0
36.25,27.25,0,0,0,0,0,0,0,0
36.25,27.75,0,0,0,0,0,0,0,0
36.25,28.25,0,0,0,0,0,0,0,0
36.75,-7.75,0,0,0,1,0,0,0,0
36.75,-6.75,0,0,0,1,0,0,0,0
36.75,-6.25,0,1,0,1,0,0,0,0
36.75,-5.75,0,1,0,1,0,0,0,0
36.75,-5.25,0,0,0,1,0,0,0,0
36.75,-4.75,0,1,0,1,0,0,0,0
36.75,-4.25,0,1,0,1,0,0,0,0
36.75,-3.75,0,1,0,1,0,0,0,0
36.75,-3.25,0,1,0,1,0,0,0,0
36.75,-2.75,0,1,0,1,0,0,0,0
36.75,-2.25,0,0,0,1,0,0,0,0
36.75,-1.75,0,0,0,1,0,0,0,0
36.75,11.75,0,0,0,1,0,0,0,0
36.75,12.25,0,0,0,1,0,0,0,0
36.75,14.25,0,0,0,1,0,0,0,0
36.75,14.75,0,1,0,1,0,0,0,0
36.75,15.25,0,0,0,1,0,0,0,0
36.75,21.75,0,0,0,0,0,0,0,0
36.75,22.25,0,0,0,0,0,0,0,0
36.75,22.75,0,0,0,0,0,0,0,0
36.75,23.25,0,0,0,0,0,0,0,0
36.75,24.25,0,0,0,0,0,0,0,0
36.75,24.75,0,0,0,0,0,0,0,0
36.75,25.25,0,0,0,0,0,0,0,0
36.75,25.75,0,0,0,0,0,0,0,0
36.75,26.25,0,0,0,0,0,0,0,0
36.75,26.75,0,0,0,0,0,0,0,0
36.75,27.25,0,1,0,0,0,0,0,0
36.75,27.75,0,0,0,0,0,0,0,0
37.25,-8.75,0,1,0,1,0,0,0,0
37.25,-8.25,0,1,0,1,0,0,0,0
37.25,-7.75,0,1,0,1,0,0,0,0
37.25,-7.25,0,1,0,1,0,0,0,0
37.25,-6.75,0,0,0,1,0,0,0,0
37.25,-6.25,0,1,0,1,0,0,0,0
37.25,-5.75,0,1,0,1,0,0,0,0
37.25,-5.25,0,0,0,1,0,0,0,0
37.25,-4.75,0,1,0,1,0,0,0,0
37.25,-4.25,0,1,0,1,0,0,0,0
37.25,-3.75,0,1,0,1,0,0,0,0
37.25,-3.25,0,1,0,1,0,0,0,0
37.25,-2.75,0,1,0,1,0,0,0,0
37.25,-2.25,0,1,0,1,0,0,0,0
37.25,-1.75,0,0,0,1,0,0,0,0
37.25,13.25,0,0,0,0,0,0,0,0
37.25,13.75,0,1,0,1,0,0,0,0
37.25,14.25,0,0,0,1,0,0,0,0
37.25,14.75,0,1,0,1,0,0,0,0
37.25,15.25,0,0,0,1,0,0,0,0
37.25,21.75,0,0,0,0,0,0,0,0
37.25,22.25,0,0,0,0,0,0,0,1
37.25,22.75,0,0,0,0,0,0,0,1
37.25,23.25,0,0,0,0,0,0,0,0
37.25,24.25,0,1,0,0,0,0,0,0
37.25,24.75,0,0,0,0,0,0,0,0
37.25,25.25,0,0,0,0,0,0,0,0
37.25,25.75,0,0,0,0,0,0,0,0
37.25,26.75,0,1,0,0,0,0,0,0
37.75,-8.75,0,1,0,1,0,0,0,0
37.75,-8.25,0,1,0,1,0,0,0,0
37.75,-7.75,0,1,0,1,0,0,0,0
37.75,-7.25,0,1,0,1,0,0,0,0
37.75,-6.75,0,0,0,1,0,0,0,0
37.75,-6.25,0,1,0,1,0,0,0,0
37.75,-5.75,0,1,0,1,0,0,0,0
37.75,-5.25,0,0,0,1,0,0,0,0
37.75,-4.75,0,1,0,1,0,0,0,0
37.75,-4.25,0,1,0,1,0,0,0,0
37.75,-3.75,0,1,0,1,0,0,0,0
37.75,-3.25,0,1,0,1,0,0,0,0
37.75,-2.75,0,1,0,1,0,0,0,0
37.75,-2.25,0,1,0,1,0,0,0,0
37.75,-1.75,0,1,0,1,0,0,0,0
37.75,-1.25,0,1,0,1,0,0,0,0
37.75,-0.75,0,0,0,1,0,0,0,0
37.75,12.25,0,0,0,1,0,0,0,0
37.75,12.75,0,0,0,1,0,0,0,0
37.75,13.25,0,0,0,1,0,0,0,0
37.75,13.75,0,0,0,1,0,0,0,0
37.75,14.25,0,0,0,1,0,0,0,1
37.75,14.75,0,0,0,1,0,0,0,1
37.75,15.25,0,0,0,1,0,0,0,0
37.75,15.75,0,0,0,1,0,0,0,0
37.75,16.25,0,0,0,1,0,0,0,0
37.75,20.75,0,0,0,0,0,0,0,0
37.75,21.25,0,1,0,0,0,0,0,0
37.75,21.75,0,1,0,0,0,0,0,0
37.75,22.25,0,0,0,0,0,0,0,1
37.75,22.75,0,0,0,0,0,0,0,0
37.75,23.25,0,0,0,0,0,0,0,0
37.75,23.75,0,0,0,0,0,0,0,0
37.75,24.25,0,0,0,0,0,0,0,0
37.75,24.75,0,0,0,0,0,0,0,0
37.75,25.25,0,1,0,0,0,0,0,0
37.75,25.75,0,0,0,0,0,0,0,0
37.75,26.25,0,0,0,0,0,0,0,0
37.75,26.75,0,1,0,0,0,0,0,0
37.75,27.25,0,0,0,0,0,0,0,0
38.25,-9.25,0,0,0,1,0,0,0,0
38.25,-8.75,0,1,0,1,0,0,0,0
38.25,-8.25,0,1,0,1,0,0,0,0
38.25,-7.75,0,1,0,1,0,0,0,0
38.25,-7.25,0,1,0,1,0,0,0,0
38.25,-6.75,0,0,0,1,0,0,0,0
38.25,-6.25,0,1,0,1,0,0,0,0
38.25,-5.75,0,1,0,1,0,0,0,0
38.25,-5.25,0,0,0,1,0,0,0,0
38.25,-4.75,0,1,0,1,0,0,0,0
38.25,-4.25,0,1,0,1,0,0,0,0
38.25,-3.75,0,1,0,1,0,0,0,0
38.25,-3.25,0,1,0,1,0,0,0,0
38.25,-2.75,0,1,0,1,0,0,0,1
38.25,-2.25,0,1,0,1,0,0,0,1
38.25,-1.75,0,1,0,1,0,0,0,0
38.25,-1.25,0,1,0,1,0,0,0,0
38.25,-0.75,0,0,0,1,0,0,0,0
38.25,-0.25,0,0,0,1,0,0,0,0
38.25,12.75,0,0,0,1,0,0,0,0
38.25,13.25,0,0,0,1,0,0,0,0
38.25,13.75,0,0,0,1,0,0,0,0
38.25,14.25,0,0,0,1,0,0,0,0
38.25,14.75,0,0,0,1,0,0,0,0
38.25,15.25,0,0,0,1,0,0,0,0
38.25,15.75,0,0,0,1,0,0,0,0
38.25,16.25,0,0,0,1,0,0,0,0
38.25,16.75,0,0,0,1,0,0,0,0
38.25,20.25,0,0,0,0,0,0,0,0
38.25,20.75,0,1,0,0,0,0,0,0
38.25,21.25,0,0,0,0,0,0,0,0
38.25,21.75,0,0,0,0,0,0,0,0
38.25,22.25,0,0,0,0,0,0,0,0
38.25,22.75,0,0,0,0,0,0,0,0
38.25,23.25,0,0,0,0,0,0,0,0
38.25,23.75,0,0,0,0,0,0,0,0
38.25,24.25,0,0,0,0,0,0,0,0
38.25,24.75,0,0,0,0,0,0,0,0
38.25,25.75,0,0,0,0,0,0,0,0
38.25,26.25,0,0,0,0,0,0,0,0
38.75,-9.25,0,1,0,1,0,0,0,0
38.75,-8.75,0,1,0,1,0,0,0,0
38.75,-8.25,0,1,0,1,0,0,0,0
38.75,-7.75,0,1,0,1,0,0,0,0
38.75,-7.25,0,0,0,1,0,0,0,0
38.75,-6.75,0,1,0,1,0,0,0,0
38.75,-6.25,0,1,0,1,0,0,0,0
38.75,-5.75,0,1,0,1,0,0,0,0
38.75,-5.25,0,1,0,1,0,0,0,0
38.75,-4.75,0,0,0,1,0,0,0,0
38.75,-4.25,0,1,0,1,0,0,0,0
38.75,-3.75,0,1,0,1,0,0,0,0
38.75,-3.25,0,1,0,1,0,0,0,0
38.75,-2.75,0,1,0,1,0,0,0,0
38.75,-2.25,0,0,0,1,0,0,0,0
38.75,-1.75,0,0,0,1,0,0,0,0
38.75,-1.25,0,0,0,1,0,0,0,0
38.75,-0.75,0,1,0,1,0,0,0,0
38.75,-0.25,0,1,0,1,0,0,0,1
38.75,0.25,0,0,0,1,0,0,0,0
38.75,1.25,0,0,0,0,0,0,0,0
38.75,1.75,0,0,0,0,0,0,0,0
38.75,8.25,0,0,0,0,0,0,0,0
38.75,8.75,0,0,0,0,0,0,0,0
38.75,14.75,0,0,0,1,0,0,0,0
38.75,15.75,0,0,0,1,0,0,0,0
38.75,16.25,0,0,0,1,0,0,0,0
38.75,16.75,0,0,0,1,0,0,0,0
38.75,17.25,0,0,0,1,0,0,0,0
38.75,20.75,0,0,0,0,0,0,0,0
38.75,21.25,0,1,0,0,0,0,0,0
38.75,21.75,0,1,0,0,0,0,0,1
38.75,22.25,1,0,0,0,0,0,0,1
38.75,22.75,0,0,0,0,0,0,0,0
38.75,23.25,0,0,0,0,0,0,0,0
38.75,23.75,0,0,0,0,0,0,0,0
38.75,24.25,0,0,0,0,0,0,0,0
38.75,24.75,0,0,0,0,0,0,0,0
38.75,25.75,0,0,0,0,0,0,0,0
38.75,26.25,0,0,0,0,0,0,0,0
39.25,-9.25,0,1,0,1,0,0,0,0
39.25,-8.75,0,1,0,1,0,0,0,0
39.25,-8.25,0,1,0,1,0,0,0,0
39.25,-7.75,0,1,0,1,0,0,0,0
39.25,-7.25,0,0,0,1,0,0,0,0
39.25,-6.75,0,1,0,1,0,0,0,0
39.25,-6.25,0,1,0,1,0,0,0,0
39.25,-5.75,0,1,0,1,0,0,0,0
39.25,-5.25,0,1,0,1,0,0,0,0
39.25,-4.75,0,0,0,1,0,0,0,0
39.25,-4.25,0,1,0,1,0,0,0,0
39.25,-3.75,0,1,0,1,0,0,0,0
39.25,-3.25,0,1,0,1,0,0,0,0
39.25,-2.75,0,1,0,1,0,0,0,0
39.25,-2.25,0,1,0,1,0,0,0,0
39.25,-1.75,0,1,0,1,0,0,0,0
39.25,-1.25,0,0,0,1,0,0,0,0
39.25,-0.75,0,1,0,1,0,0,0,0
39.25,-0.25,0,1,0,1,0,0,0,0
39.25,1.25,0,0,0,0,0,0,0,0
39.25,1.75,0,0,0,0,0,0,0,0
39.25,2.75,0,0,0,0,0,0,0,0
39.25,3.25,0,0,0,0,0,0,0,0
39.25,8.25,0,0,0,0,0,0,0,0
39.25,8.75,0,1,0,0,0,0,0,0
39.25,9.25,0,0,0,0,0,0,0,0
39.25,9.75,0,0,0,0,0,0,0,0
39.25,15.75,0,0,0,1,0,0,0,0
39.25,16.25,0,0,0,1,0,0,0,0
39.25,16.75,0,0,0,1,0,0,0,1
39.25,17.25,0,0,0,1,0,0,0,0
39.25,19.75,0,0,0,0,0,0,0,0
39.25,20.25,0,0,0,0,0,0,0,0
39.25,20.75,0,1,0,0,0,0,0,0
39.25,21.25,0,1,0,0,0,0,0,0
39.25,21.75,0,1,0,0,0,0,0,1
39.25,22.25,0,1,0,0,0,0,0,0
39.25,22.75,0,0,0,0,0,0,0,0
39.25,23.25,0,0,0,0,0,0,0,0
39.25,23.75,0,0,0,0,0,0,0,0
39.25,24.25,0,0,0,0,0,0,0,0
39.25,25.75,0,0,0,0,0,0,0,0
39.25,26.25,0,1,0,0,0,0,0,0
39.25,26.75,0,0,0,0,0,0,0,0
39.75,-9.25,0,0,0,1,0,0,0,0
39.75,-8.75,0,1,0,1,0,0,0,0
39.75,-8.25,0,1,0,1,0,0,0,1
39.75,-7.75,0,1,0,1,0,0,0,1
39.75,-7.25,0,0,0,1,0,0,0,0
39.75,-6.75,0,1,0,1,0,0,0,0
39.75,-6.25,0,1,0,1,0,0,0,0
39.75,-5.75,0,1,0,1,0,0,0,0
39.75,-5.25,0,1,0,1,0,0,0,0
39.75,-4.75,0,0,0,1,0,0,0,0
39.75,-4.25,0,1,0,1,0,0,0,0
39.75,-3.75,0,1,0,1,0,0,0,0
39.75,-3.25,0,1,0,1,0,0,0,0
39.75,-2.75,0,1,0,1,0,0,0,0
39.75,-2.25,0,1,0,1,0,0,0,0
39.75,-1.75,0,1,0,1,0,0,0,0
39.75,-1.25,0,0,0,1,0,0,0,1
39.75,-0.75,0,1,0,1,0,0,0,1
39.75,-0.25,0,1,0,1,0,0,0,0
39.75,2.25,0,0,0,0,0,0,0,0
39.75,2.75,0,1,0,0,0,0,0,0
39.75,3.25,0,1,0,0,0,0,0,0
39.75,3.75,0,1,0,0,0,0,0,0
39.75,4.25,0,0,0,0,0,0,0,0
39.75,8.25,0,0,0,0,0,0,0,0
39.75,8.75,0,1,0,0,0,0,0,0
39.75,9.25,0,1,0,0,0,0,0,0
39.75,9.75,0,1,0,0,0,0,0,0
39.75,15.75,0,0,0,1,0,0,0,0
39.75,16.25,0,1,0,1,0,0,0,1
39.75,16.75,0,0,0,1,0,0,0,0
39.75,18.25,0,0,0,1,0,0,0,0
39.75,19.75,0,0,0,0,0,0,0,0
39.75,20.25,0,1,0,0,0,0,0,0
39.75,20.75,0,1,0,0,0,0,0,1
39.75,21.25,0,1,0,0,0,0,0,1
39.75,21.75,0,1,0,0,0,0,0,1
39.75,22.25,0,1,0,0,0,0,0,0
39.75,22.75,0,0,0,0,0,0,0,1
39.75,23.25,0,1,0,0,0,0,0,0
39.75,23.75,0,1,0,0,0,0,0,0
39.75,25.25,0,0,0,0,0,0,0,0
40.25,-8.75,0,0,0,1,0,0,0,0
40.25,-8.25,0,0,0,1,0,0,0,1
40.25,-7.75,0,1,0,1,0,0,0,1
40.25,-7.25,0,0,0,1,0,0,0,0
40.25,-6.75,0,1,0,1,0,0,0,0
40.25,-6.25,0,1,0,1,0,0,0,0
40.25,-5.75,0,1,0,1,0,0,0,1
40.25,-5.25,0,1,0,1,0,0,0,1
40.25,-4.75,0,0,0,1,0,0,0,1
40.25,-4.25,0,1,0,1,0,0,0,0
40.25,-3.75,0,1,0,1,0,0,0,0
40.25,-3.25,0,1,0,1,0,0,0,0
40.25,-2.75,0,1,0,1,0,0,0,0
40.25,-2.25,0,1,0,1,0,0,0,0
40.25,-1.75,0,1,0,1,0,0,0,1
40.25,-1.25,0,0,0,1,0,0,0,0
40.25,-0.75,0,1,0,1,0,0,0,1
40.25,-0.25,0,1,0,1,0,0,0,1
40.25,0.25,0,1,0,1,0,0,0,0
40.25,3.75,0,0,0,0,0,0,0,0
40.25,4.25,0,0,0,0,0,0,0,0
40.25,8.25,0,0,0,0,0,0,0,0
40.25,8.75,0,1,0,0,0,0,0,0
40.25,9.25,0,1,0,0,0,0,0,0
40.25,9.75,0,0,0,0,0,0,0,0
40.25,14.75,0,0,0,1,0,0,0,0
40.25,15.25,0,1,0,1,0,0,0,0
40.25,15.75,0,0,0,1,0,0,0,1
40.25,16.25,0,1,0,1,0,0,0,1
40.25,16.75,0,0,0,1,0,0,0,0
40.25,17.25,0,0,0,1,0,0,0,0
40.25,17.75,0,0,0,1,0,0,0,0
40.25,18.25,0,0,0,1,0,0,0,0
40.25,19.25,0,0,0,0,0,0,0,0
40.25,19.75,0,0,0,0,0,0,0,1
40.25,20.25,0,0,0,0,0,0,0,1
40.25,20.75,0,0,0,0,0,0,0,1
40.25,21.25,0,1,0,0,0,0,0,1
40.25,21.75,0,1,0,0,0,0,0,1
40.25,22.25,0,1,0,0,0,0,0,1
40.25,22.75,0,0,0,0,0,0,0,0
40.25,23.25,0,1,0,0,0,0,0,0
40.25,23.75,0,1,0,0,0,0,0,0
40.25,24.25,0,0,0,0,0,0,0,0
40.25,25.25,0,0,0,0,0,0,0,0
40.25,25.75,0,1,0,0,0,0,0,0
40.75,-8.75,0,0,0,1,0,0,0,0
40.75,-8.25,0,0,0,1,0,0,0,1
40.75,-7.75,0,0,0,1,0,0,0,1
40.75,-7.25,0,0,0,1,0,0,0,0
40.75,-6.75,0,1,0,1,0,0,0,0
40.75,-6.25,0,1,0,1,0,0,0,0
40.75,-5.75,0,1,0,1,0,0,0,0
40.75,-5.25,0,1,0,1,0,0,0,0
40.75,-4.75,0,0,0,1,0,0,0,0
40.75,-4.25,0,1,0,1,0,0,0,1
40.75,-3.75,0,1,0,1,0,0,0,0
40.75,-3.25,0,1,0,1,0,0,0,0
40.75,-2.75,0,1,0,1,0,0,0,0
40.75,-2.25,0,1,0,1,0,0,0,1
40.75,-1.75,0,1,0,1,0,0,0,0
40.75,-1.25,0,0,0,1,0,0,0,0
40.75,-0.75,0,1,0,1,0,0,0,0
40.75,-0.25,0,1,0,1,0,0,0,1
40.75,0.25,0,1,0,1,0,0,0,1
40.75,0.75,0,0,0,1,0,0,0,1
40.75,8.25,0,0,0,0,0,0,0,0
40.75,8.75,0,1,0,0,0,0,0,0
40.75,9.25,0,1,0,0,0,0,0,0
40.75,9.75,0,0,0,0,0,0,0,0
40.75,13.75,0,0,0,1,0,0,0,0
40.75,14.25,0,1,0,1,0,0,0,0
40.75,14.75,0,0,0,1,0,0,0,1
40.75,15.25,0,1,0,1,0,0,0,1
40.75,15.75,0,1,0,1,0,0,0,1
40.75,16.25,0,0,0,1,0,0,0,1
40.75,16.75,0,0,0,1,0,0,0,1
40.75,17.25,0,0,0,1,0,0,0,0
40.75,17.75,0,0,0,1,0,0,0,0
40.75,18.25,0,0,0,1,0,0,0,0
40.75,19.25,0,0,0,0,0,0,0,0
40.75,19.75,0,0,0,0,0,0,0,0
40.75,20.25,0,0,0,0,0,0,0,1
40.75,20.75,0,0,0,0,0,0,0,1
40.75,21.25,1,1,0,0,0,0,0,1
40.75,21.75,0,1,0,0,0,0,0,1
40.75,22.25,0,1,0,0,0,0,0,1
40.75,22.75,0,0,0,0,0,0,0,0
40.75,23.25,0,1,0,0,1,0,0,0
40.75,23.75,0,1,0,0,1,0,0,0
40.75,24.25,1,1,0,0,0,0,0,0
40.75,24.75,0,0,0,0,0,0,0,0
40.75,25.25,0,0,0,0,0,0,0,0
40.75,25.75,0,1,0,0,0,0,0,0
40.75,26.25,0,1,0,0,0,0,0,0
41.25,-8.75,0,0,0,1,0,0,0,0
41.25,-8.25,0,0,0,1,0,0,0,1
41.25,-7.75,0,1,0,1,0,0,0,1
41.25,-7.25,0,0,0,1,0,0,0,0
41.25,-6.75,0,1,0,1,0,0,0,0
41.25,-6.25,0,1,0,1,0,0,0,0
41.25,-5.75,0,1,0,1,0,0,0,0
41.25,-5.25,0,1,0,1,0,0,0,0
41.25,-4.75,0,0,0,1,0,0,0,0
41.25,-4.25,0,1,0,1,0,0,0,0
41.25,-3.75,0,1,0,1,0,0,0,1
41.25,-3.25,0,1,0,1,0,0,0,1
41.25,-2.75,0,1,0,1,0,0,0,1
41.25,-2.25,0,0,0,1,0,0,0,0
41.25,-1.75,0,1,0,1,0,0,0,0
41.25,-1.25,0,0,0,1,0,0,0,0
41.25,-0.75,0,1,0,1,0,0,0,0
41.25,-0.25,0,1,0,1,0,0,0,0
41.25,0.25,0,1,0,1,0,0,0,0
41.25,0.75,0,1,0,1,0,0,0,1
41.25,1.25,0,0,0,1,0,0,0,1
41.25,1.75,0,1,0,1,0,0,0,1
41.25,2.25,0,1,0,1,0,0,0,0
41.25,8.25,0,0,0,0,0,0,0,0
41.25,8.75,0,0,0,0,0,0,0,0
41.25,9.25,0,1,0,0,0,0,0,0
41.25,9.75,0,0,0,0,0,0,0,0
41.25,12.75,0,0,0,1,0,0,0,0
41.25,13.25,0,0,0,1,0,0,0,0
41.25,13.75,0,1,0,1,0,0,0,1
41.25,14.25,0,1,0,1,0,0,0,1
41.25,14.75,0,1,0,1,0,0,0,1
41.25,15.25,0,0,0,1,0,0,0,1
41.25,15.75,0,1,0,1,0,0,0,0
41.25,16.25,0,0,0,1,0,0,0,0
41.25,16.75,0,0,0,1,0,0,0,0
41.25,17.25,0,0,0,1,0,0,0,0
41.25,19.25,0,0,0,0,0,0,0,0
41.25,19.75,0,0,0,0,0,0,0,0
41.25,20.25,0,0,0,0,0,0,0,1
41.25,20.75,0,0,0,0,0,0,0,1
41.25,21.25,0,0,0,0,0,0,0,1
41.25,21.75,0,1,0,0,1,0,0,1
41.25,22.25,0,1,0,0,1,0,0,1
41.25,22.75,0,0,0,0,1,0,0,1
41.25,23.25,1,1,0,0,1,0,0,1
41.25,23.75,1,1,0,0,1,0,0,1
41.25,24.25,1,1,0,0,1,0,0,0
41.25,24.75,0,1,0,0,1,0,0,1
41.25,25.25,0,0,0,0,1,0,0,1
41.25,25.75,0,1,0,0,1,0,0,1
41.25,26.25,0,1,0,0,0,0,0,0
41.25,26.75,0,1,0,0,1,0,0,0
41.75,-8.75,0,0,0,1,0,0,0,1
41.75,-8.25,0,0,0,1,0,0,0,1
41.75,-7.75,0,0,0,1,0,0,0,1
41.75,-7.25,0,1,0,1,0,0,0,1
41.75,-6.75,0,1,0,1,0,0,0,1
41.75,-6.25,0,1,0,1,0,0,0,0
41.75,-5.75,0,1,0,1,0,0,0,0
41.75,-5.25,0,1,0,1,0,0,0,0
41.75,-4.75,0,1,0,1,0,0,0,0
41.75,-4.25,0,0,0,1,0,0,0,0
41.75,-3.75,0,1,0,1,0,0,0,0
41.75,-3.25,0,1,0,1,0,0,0,1
41.75,-2.75,0,1,0,1,0,0,0,1
41.75,-2.25,0,1,0,1,0,0,0,0
41.75,-1.75,0,0,0,1,0,0,0,0
41.75,-1.25,0,1,0,1,0,0,0,0
41.75,-0.75,0,1,0,1,0,0,0,0
41.75,-0.25,0,1,0,1,0,0,0,0
41.75,0.25,0,1,0,1,0,0,0,0
41.75,0.75,0,1,0,1,0,0,0,1
41.75,1.25,0,1,0,1,0,0,0,1
41.75,1.75,0,0,0,1,0,0,0,1
41.75,2.25,0,1,0,1,0,0,0,1
41.75,2.75,0,1,0,1,0,0,0,1
41.75,3.25,0,0,0,1,0,0,0,0
41.75,8.75,0,1,0,0,0,0,0,0
41.75,9.25,0,1,0,0,0,0,0,0
41.75,12.25,0,1,0,1,0,0,0,0
41.75,12.75,0,1,0,1,0,0,0,1
41.75,13.25,0,0,0,1,0,0,0,1
41.75,13.75,0,0,0,1,0,0,0,1
41.75,14.25,0,1,0,1,0,0,0,1
41.75,14.75,0,1,0,1,0,0,0,1
41.75,15.25,0,1,0,1,0,0,0,0
41.75,15.75,0,1,0,1,0,0,0,0
41.75,16.25,0,0,0,1,0,0,0,0
41.75,19.25,0,0,0,0,0,0,0,0
41.75,19.75,0,0,0,0,0,0,0,0
41.75,20.25,0,0,0,0,0,0,0,1
41.75,20.75,1,0,0,0,0,0,0,1
41.75,21.25,0,0,0,0,0,0,0,1
41.75,21.75,0,1,0,0,1,0,0,1
41.75,22.25,0,0,0,0,1,0,0,1
41.75,22.75,0,1,0,0,1,0,0,1
41.75,23.25,1,1,0,0,1,0,0,1
41.75,23.75,1,1,0,0,1,0,0,1
41.75,24.25,1,0,0,0,1,0,0,1
41.75,24.75,1,1,0,0,1,0,0,1
41.75,25.25,0,1,0,0,1,0,0,1
41.75,25.75,0,0,0,0,1,0,0,1
41.75,26.25,0,1,0,0,1,0,0,0
41.75,26.75,0,1,0,0,1,0,0,0
41.75,27.25,0,0,0,0,1,0,0,0
41.75,27.75,0,1,0,0,1,0,0,1
42.25,-8.75,0,0,0,1,0,0,0,0
42.25,-8.25,0,0,0,1,0,0,0,1
42.25,-7.75,0,0,0,1,0,0,0,1
42.25,-7.25,0,0,0,1,0,0,0,1
42.25,-6.75,0,1,0,1,0,0,0,1
42.25,-6.25,0,1,0,1,0,0,0,0
42.25,-5.75,0,1,0,1,0,0,0,0
42.25,-5.25,0,1,0,1,0,0,0,0
42.25,-4.75,0,1,0,1,0,0,0,0
42.25,-4.25,0,0,0,1,0,0,0,0
42.25,-3.75,0,1,0,1,0,0,0,0
42.25,-3.25,0,1,0,1,0,0,0,1
42.25,-2.75,0,1,0,1,0,0,0,1
42.25,-2.25,0,1,0,1,0,0,0,1
42.25,-1.75,0,0,0,1,0,0,0,1
42.25,-1.25,0,1,0,1,0,0,0,0
42.25,-0.75,0,1,0,1,0,0,0,0
42.25,-0.25,0,1,0,1,0,0,0,1
42.25,0.25,0,1,0,1,0,0,0,1
42.25,0.75,0,1,0,1,0,0,0,1
42.25,1.25,0,1,0,1,0,0,0,1
42.25,1.75,0,0,0,1,0,0,0,1
42.25,2.25,0,1,0,1,0,0,0,1
42.25,2.75,0,1,0,1,0,0,0,1
42.25,3.25,0,1,0,1,0,0,0,0
42.25,8.75,0,1,0,0,0,0,0,0
42.25,9.25,0,1,0,0,0,0,0,1
42.25,9.75,0,0,0,0,0,0,0,0
42.25,10.75,0,0,0,1,0,0,0,0
42.25,11.25,0,0,0,1,0,0,0,0
42.25,11.75,0,1,0,1,0,0,0,1
42.25,12.25,0,1,0,1,0,0,0,1
42.25,12.75,0,1,0,1,0,0,0,1
42.25,13.25,0,0,0,1,0,0,0,1
42.25,13.75,0,0,0,1,0,0,0,1
42.25,14.25,0,1,0,1,0,0,0,0
42.25,14.75,0,1,0,1,0,0,0,0
42.25,18.25,0,0,0,0,0,0,0,0
42.25,18.75,0,0,0,0,0,0,0,0
42.25,19.25,0,0,0,0,0,0,0,0
42.25,19.75,0,0,0,0,0,0,0,1
42.25,20.25,0,0,0,0,0,0,0,1
42.25,20.75,1,0,0,0,0,0,0,1
42.25,21.25,1,1,0,0,0,0,0,1
42.25,21.75,0,1,0,0,1,0,0,1
42.25,22.25,0,0,0,0,1,0,0,1
42.25,22.75,1,1,0,0,1,0,0,1
42.25,23.25,1,1,0,0,1,0,0,1
42.25,23.75,1,0,0,0,1,0,0,1
42.25,24.25,1,1,0,0,1,0,0,1
42.25,24.75,0,1,0,0,1,0,0,1
42.25,25.25,0,1,0,0,1,0,0,1
42.25,25.75,0,0,0,0,1,0,0,1
42.25,26.25,0,1,0,0,1,0,0,0
42.25,26.75,0,1,0,0,1,0,0,0
42.25,27.25,0,1,0,0,1,0,0,0
42.25,27.75,0,0,0,0,1,0,0,0
42.75,-9.25,0,0,0,1,0,0,0,0
42.75,-8.75,0,0,0,1,0,0,0,1
42.75,-8.25,0,0,0,1,0,0,0,1
42.75,-7.75,0,0,0,1,0,0,0,1
42.75,-7.25,0,0,0,1,0,0,0,1
42.75,-6.75,0,0,0,1,0,0,0,1
42.75,-6.25,0,1,0,1,0,0,0,1
42.75,-5.75,0,1,0,1,0,0,0,1
42.75,-5.25,0,1,0,1,0,0,0,1
42.75,-4.75,0,1,0,1,0,0,0,1
42.75,-4.25,0,0,0,1,0,0,0,1
42.75,-3.75,0,1,0,1,0,0,0,1
42.75,-3.25,0,1,0,1,0,0,0,1
42.75,-2.75,0,1,0,1,0,0,0,1
42.75,-2.25,0,1,0,1,0,0,0,1
42.75,-1.75,0,0,0,1,0,1,0,1
42.75,-1.25,0,1,0,1,0,0,0,1
42.75,-0.75,0,1,0,1,0,0,0,1
42.75,-0.25,0,1,0,1,0,0,0,1
42.75,0.25,0,1,0,1,0,0,0,1
42.75,0.75,0,1,0,1,0,0,0,1
42.75,1.25,0,0,0,1,0,0,0,1
42.75,1.75,0,0,0,1,0,0,0,1
42.75,2.25,0,0,0,1,0,0,0,1
42.75,2.75,0,1,0,1,0,0,0,1
42.75,3.25,0,0,0,1,0,0,0,0
42.75,8.75,0,0,0,0,0,0,0,0
42.75,9.25,0,1,0,0,0,0,0,0
42.75,10.25,0,0,0,1,0,0,0,1
42.75,10.75,0,0,0,1,0,0,0,0
42.75,11.25,0,1,0,1,0,0,0,1
42.75,11.75,0,1,0,1,0,0,0,1
42.75,12.25,0,1,0,1,0,0,0,1
42.75,12.75,0,1,0,1,0,0,0,1
42.75,13.25,0,0,0,1,0,0,0,1
42.75,13.75,0,0,0,1,0,0,0,0
42.75,14.25,0,1,0,1,0,0,0,0
42.75,16.75,0,0,0,0,0,0,0,0
42.75,17.25,0,0,0,0,0,0,0,0
42.75,17.75,0,1,0,0,0,0,0,0
42.75,18.25,1,1,0,0,0,0,0,0
42.75,18.75,0,0,0,0,0,0,0,1
42.75,19.25,0,0,0,0,0,0,0,1
42.75,19.75,0,0,0,0,0,0,0,1
42.75,20.25,1,0,0,0,0,0,0,1
42.75,20.75,0,0,0,0,0,0,0,1
42.75,21.25,0,0,0,0,0,0,0,1
42.75,21.75,0,0,0,0,0,0,0,1
42.75,22.25,0,0,0,0,1,0,0,1
42.75,22.75,0,1,0,0,1,0,0,1
42.75,23.25,1,1,0,0,1,0,0,1
42.75,23.75,0,1,0,0,1,0,0,1
42.75,24.25,1,1,0,0,1,0,0,1
42.75,24.75,0,1,0,0,1,0,0,1
42.75,25.25,0,1,0,0,1,0,0,1
42.75,25.75,0,0,0,0,1,0,0,1
42.75,26.25,0,1,0,0,1,0,0,1
42.75,26.75,0,1,0,0,1,0,0,0
42.75,27.25,0,1,0,0,1,0,0,0
42.75,27.75,0,1,0,0,0,0,0,0
43.25,-9.25,0,0,0,1,0,0,0,0
43.25,-8.75,0,0,0,1,0,0,0,1
43.25,-8.25,0,0,0,1,0,1,0,1
43.25,-7.75,0,0,0,1,0,0,0,1
43.25,-7.25,0,0,0,1,0,0,0,1
43.25,-6.75,0,0,0,1,0,0,0,1
43.25,-6.25,0,0,0,1,0,0,0,1
43.25,-5.75,0,0,0,1,0,0,0,1
43.25,-5.25,0,0,0,1,0,0,0,1
43.25,-4.75,0,0,0,1,0,0,0,1
43.25,-4.25,0,0,0,1,0,0,0,1
43.25,-3.75,0,0,0,1,0,0,0,1
43.25,-3.25,0,0,0,1,0,0,0,1
43.25,-2.75,0,0,0,1,0,0,0,1
43.25,-2.25,0,0,0,1,0,0,0,1
43.25,-1.75,0,0,0,1,0,0,0,1
43.25,-1.25,0,0,0,1,0,0,0,1
43.25,-0.75,0,1,0,1,0,0,0,1
43.25,-0.25,0,1,0,1,0,0,0,1
43.25,0.25,0,1,0,1,0,0,0,1
43.25,0.75,0,0,0,1,0,0,0,1
43.25,1.25,0,1,0,1,0,0,0,1
43.25,1.75,0,0,0,1,0,0,0,1
43.25,2.25,0,1,0,1,0,0,0,1
43.25,2.75,0,1,0,1,0,0,0,1
43.25,3.25,0,0,0,1,0,0,0,0
43.25,3.75,0,0,0,1,0,0,0,0
43.25,4.25,0,0,0,1,1,0,0,0
43.25,4.75,0,0,0,1,1,0,0,0
43.25,5.25,0,0,0,1,1,0,0,0
43.25,5.75,0,0,0,1,1,0,0,1
43.25,6.25,0,1,0,1,0,0,0,1
43.25,6.75,0,0,0,1,0,0,0,0
43.25,10.25,0,0,0,1,0,0,0,0
43.25,10.75,0,1,0,1,0,0,0,1
43.25,11.25,0,1,0,1,0,0,0,1
43.25,11.75,0,1,0,1,0,0,0,1
43.25,12.25,0,0,0,1,0,0,0,1
43.25,12.75,0,0,0,1,0,0,0,1
43.25,13.25,0,0,0,1,0,0,0,1
43.25,13.75,0,0,0,1,0,0,0,0
43.25,16.25,0,0,0,0,0,0,0,0
43.25,16.75,0,1,0,0,0,0,0,0
43.25,17.25,0,0,0,0,0,0,0,0
43.25,17.75,0,1,0,0,0,0,0,1
43.25,18.25,0,0,0,0,0,0,0,1
43.25,18.75,1,0,0,0,0,1,0,1
43.25,19.25,1,0,0,0,0,0,0,1
43.25,19.75,0,0,0,0,0,0,0,1
43.25,20.25,0,0,0,0,0,0,0,1
43.25,20.75,1,0,0,0,0,0,0,1
43.25,21.25,0,1,0,0,0,0,0,1
43.25,21.75,0,1,0,0,0,0,0,1
43.25,22.25,0,0,0,0,1,0,0,1
43.25,22.75,0,0,0,0,1,0,0,1
43.25,23.25,1,1,0,0,1,0,0,1
43.25,23.75,1,1,0,0,1,0,0,1
43.25,24.25,0,1,0,0,1,0,0,1
43.25,24.75,0,1,0,0,1,0,0,1
43.25,25.25,0,1,0,0,1,0,0,1
43.25,25.75,0,0,0,0,1,0,0,1
43.25,26.25,0,1,0,0,1,0,0,1
43.25,26.75,0,1,0,0,1,0,0,0
43.25,27.25,0,1,0,0,1,0,0,0
43.25,27.75,0,1,0,0,1,0,0,0
43.25,28.25,0,0,0,0,1,0,0,0
43.25,28.75,0,0,0,0,0,0,0,0
43.75,-8.25,0,0,0,1,0,0,0,0
43.75,-7.75,0,0,0,1,0,0,0,0
43.75,-7.25,0,0,0,1,0,0,0,0
43.75,-6.75,0,0,0,1,0,0,0,0
43.75,-6.25,0,0,0,1,0,0,0,0
43.75,-5.75,0,0,0,1,0,0,0,0
43.75,-1.75,0,0,0,1,0,0,0,0
43.75,-1.25,0,1,0,1,0,0,0,1
43.75,-0.75,0,0,0,1,0,0,0,1
43.75,-0.25,0,0,0,1,0,0,0,1
43.75,0.25,0,1,0,1,0,0,0,1
43.75,0.75,0,1,0,1,0,0,0,1
43.75,1.25,0,1,0,1,0,0,0,1
43.75,1.75,0,0,0,1,0,0,0,1
43.75,2.25,0,1,0,1,0,0,0,1
43.75,2.75,0,1,0,1,0,0,0,1
43.75,3.25,0,1,0,1,0,0,0,1
43.75,3.75,0,1,0,1,0,0,0,1
43.75,4.25,0,0,0,1,1,0,0,1
43.75,4.75,0,1,0,1,1,0,0,1
43.75,5.25,0,1,0,1,1,0,0,1
43.75,5.75,0,1,0,1,1,0,0,1
43.75,6.25,1,1,0,1,0,0,0,1
43.75,6.75,0,1,0,1,0,0,0,1
43.75,7.25,0,0,0,1,0,0,0,1
43.75,7.75,0,0,0,1,0,0,0,0
43.75,8.25,0,0,0,1,0,0,0,0
43.75,10.25,0,0,0,1,0,0,0,0
43.75,10.75,0,1,0,1,0,0,0,1
43.75,11.25,0,1,0,1,0,0,0,1
43.75,11.75,0,0,0,1,0,0,0,1
43.75,12.25,0,1,0,1,0,0,0,1
43.75,12.75,0,1,0,1,0,0,0,1
43.75,13.25,0,0,0,1,0,0,0,0
43.75,13.75,0,0,0,1,0,0,0,0
43.75,15.25,0,0,0,0,0,0,0,0
43.75,15.75,0,0,0,0,0,0,0,0
43.75,16.25,0,0,0,0,0,0,0,0
43.75,16.75,0,0,0,0,0,0,0,1
43.75,17.25,0,0,0,0,0,0,0,1
43.75,17.75,1,1,0,0,0,0,0,1
43.75,18.25,0,0,0,0,0,0,0,1
43.75,18.75,1,0,0,0,0,0,0,1
43.75,19.25,0,0,0,0,0,0,0,1
43.75,19.75,0,0,0,0,0,0,0,1
43.75,20.25,1,0,0,0,0,0,0,1
43.75,20.75,0,0,0,0,0,0,0,1
43.75,21.25,0,1,0,0,0,0,0,1
43.75,21.75,0,0,0,0,0,0,0,1
43.75,22.25,0,0,0,0,1,0,0,1
43.75,22.75,1,1,0,0,1,0,0,1
43.75,23.25,0,1,0,0,1,0,0,1
43.75,23.75,0,1,0,0,1,0,0,1
43.75,24.25,0,1,0,0,1,0,0,1
43.75,24.75,0,1,0,0,1,0,0,1
43.75,25.25,0,1,0,0,1,0,0,1
43.75,25.75,0,0,0,0,1,0,0,1
43.75,26.25,0,1,0,0,1,0,0,1
43.75,26.75,0,1,0,0,1,0,0,1
43.75,27.25,0,1,0,0,1,0,0,0
43.75,27.75,0,1,0,0,1,0,0,0
43.75,28.25,0,0,0,0,1,0,0,0
43.75,28.75,0,1,0,0,1,0,0,0
44.25,-1.25,0,0,0,1,0,0,0,1
44.25,-0.75,0,0,0,1,0,0,0,1
44.25,-0.25,0,0,0,1,0,0,0,1
44.25,0.25,0,0,0,1,0,0,0,1
44.25,0.75,0,0,0,1,0,0,0,1
44.25,1.25,0,1,0,1,0,0,0,1
44.25,1.75,0,0,0,1,0,0,0,1
44.25,2.25,0,0,0,1,0,0,0,1
44.25,2.75,0,1,0,1,0,0,0,1
44.25,3.25,1,1,0,1,0,0,0,1
44.25,3.75,0,1,0,1,1,0,0,1
44.25,4.25,0,0,0,1,1,0,0,1
44.25,4.75,0,1,0,1,1,0,0,1
44.25,5.25,0,1,0,1,1,0,0,1
44.25,5.75,1,1,0,1,1,0,0,1
44.25,6.25,0,0,0,1,0,0,1,1
44.25,6.75,1,0,0,1,0,0,1,1
44.25,7.25,1,1,0,1,1,0,1,1
44.25,7.75,0,0,0,1,1,0,0,1
44.25,8.25,0,1,0,1,1,0,0,1
44.25,8.75,0,1,0,1,1,0,0,0
44.25,9.25,0,0,0,1,1,0,0,0
44.25,9.75,0,1,0,1,1,0,0,1
44.25,10.25,0,0,0,1,1,0,0,1
44.25,10.75,0,1,0,1,1,0,0,1
44.25,11.25,0,1,0,1,1,0,0,1
44.25,11.75,0,1,0,1,0,0,0,1
44.25,12.25,0,0,0,1,0,0,0,1
44.25,12.75,0,0,0,1,0,0,0,0
44.25,14.75,0,0,0,0,0,0,0,0
44.25,15.25,0,1,0,0,0,0,0,0
44.25,15.75,0,1,0,0,0,0,0,1
44.25,16.25,0,0,0,0,0,0,0,1
44.25,16.75,0,0,0,0,0,0,0,1
44.25,17.25,1,0,0,0,0,0,0,1
44.25,17.75,1,0,0,0,1,0,0,1
44.25,18.25,1,0,0,0,1,0,0,1
44.25,18.75,0,0,0,0,1,0,0,1
44.25,19.25,1,0,0,0,1,0,0,1
44.25,19.75,0,0,0,0,1,0,0,1
44.25,20.25,1,1,0,0,1,0,0,1
44.25,20.75,0,1,0,0,1,0,0,1
44.25,21.25,0,1,0,0,1,0,0,1
44.25,21.75,0,0,0,0,1,0,0,1
44.25,22.25,0,0,0,0,1,0,0,1
44.25,22.75,0,1,0,0,1,0,0,1
44.25,23.25,0,1,0,0,1,0,0,1
44.25,23.75,0,1,0,0,1,0,0,1
44.25,24.25,0,1,0,0,1,0,0,1
44.25,24.75,0,1,0,0,1,0,0,1
44.25,25.25,0,1,0,0,1,0,0,1
44.25,25.75,0,0,0,0,1,0,0,1
44.25,26.25,0,1,0,0,1,0,0,1
44.25,26.75,0,1,0,0,1,0,0,0
44.25,27.25,0,1,0,0,1,0,0,0
44.25,27.75,0,1,0,0,1,0,0,0
44.25,28.25,0,0,0,0,1,0,0,0
44.25,28.75,0,1,0,0,1,0,0,0
44.75,-1.25,0,0,0,1,0,0,0,0
44.75,-0.75,0,0,0,1,0,0,0,1
44.75,-0.25,0,1,0,1,0,0,0,1
44.75,0.25,0,0,0,1,0,0,0,1
44.75,0.75,0,0,0,1,0,0,0,1
44.75,1.25,0,1,0,1,0,0,0,1
44.75,1.75,0,0,0,1,0,0,0,1
44.75,2.25,0,0,0,1,0,0,0,1
44.75,2.75,0,0,0,1,0,0,0,1
44.75,3.25,0,0,0,1,0,0,0,1
44.75,3.75,0,0,0,1,1,0,0,1
44.75,4.25,0,0,0,1,1,0,0,1
44.75,4.75,0,1,0,1,1,0,0,1
44.75,5.25,1,1,0,1,1,0,0,1
44.75,5.75,1,0,0,1,1,1,0,1
44.75,6.25,1,0,0,1,0,0,1,1
44.75,6.75,1,0,0,1,1,0,1,1
44.75,7.25,1,1,0,1,1,1,0,1
44.75,7.75,0,0,0,1,1,0,0,1
44.75,8.25,0,1,0,1,1,0,0,1
44.75,8.75,0,1,0,1,1,0,0,1
44.75,9.25,0,1,0,1,1,0,0,1
44.75,9.75,0,1,0,1,1,0,0,1
44.75,10.25,0,0,0,1,1,0,0,1
44.75,10.75,0,1,0,1,1,0,0,0
44.75,11.25,0,0,0,1,1,0,0,0
44.75,11.75,0,1,0,1,1,0,0,0
44.75,12.25,0,0,0,1,1,0,0,0
44.75,13.75,0,0,0,0,0,0,0,0
44.75,14.25,0,0,0,0,0,0,0,0
44.75,14.75,1,1,0,0,0,0,0,0
44.75,15.25,1,0,0,0,0,0,0,0
44.75,15.75,1,0,0,0,1,0,0,1
44.75,16.25,0,0,0,0,1,0,0,1
44.75,16.75,0,0,0,0,1,0,0,1
44.75,17.25,0,0,0,0,1,0,0,1
44.75,17.75,0,0,0,0,1,0,0,1
44.75,18.25,0,0,0,0,1,0,0,1
44.75,18.75,0,0,0,0,1,0,0,1
44.75,19.25,0,1,0,0,1,0,0,1
44.75,19.75,0,0,0,0,1,0,0,1
44.75,20.25,0,1,0,0,1,0,0,1
44.75,20.75,0,1,0,0,1,0,0,1
44.75,21.25,0,1,0,0,1,0,0,1
44.75,21.75,0,0,0,0,1,0,0,1
44.75,22.25,0,0,0,0,1,0,0,1
44.75,22.75,0,0,0,0,1,0,0,1
44.75,23.25,0,0,0,0,1,0,0,1
44.75,23.75,0,1,0,0,1,0,0,1
44.75,24.25,0,1,0,0,1,0,0,1
44.75,24.75,0,1,0,0,1,0,0,1
44.75,25.25,0,1,0,0,1,0,0,1
44.75,25.75,0,0,0,0,1,0,0,1
44.75,26.25,0,1,0,0,1,0,0,1
44.75,26.75,0,1,0,0,1,0,0,0
44.75,27.25,0,1,0,0,1,0,0,0
44.75,27.75,0,1,0,0,1,0,0,0
44.75,28.25,0,0,0,0,1,0,0,0
44.75,28.75,0,1,0,0,1,0,0,0
44.75,29.25,0,1,1,0,1,0,0,0
44.75,29.75,0,0,0,0,1,0,0,0
45.25,-1.25,0,0,0,1,0,0,0,0
45.25,-0.75,0,0,0,1,0,0,0,1
45.25,-0.25,0,1,0,1,0,0,0,1
45.25,0.25,0,0,0,1,0,0,0,1
45.25,0.75,0,0,0,1,0,0,0,1
45.25,1.25,0,0,0,1,0,0,0,1
45.25,1.75,0,0,0,1,0,0,0,1
45.25,2.25,0,0,0,1,0,0,0,1
45.25,2.75,0,0,0,1,1,0,0,1
45.25,3.25,0,0,0,1,1,1,0,1
45.25,3.75,0,0,0,1,1,0,0,1
45.25,4.25,0,0,0,1,1,0,0,1
45.25,4.75,0,1,0,1,1,0,0,1
45.25,5.25,1,1,0,1,1,0,0,1
45.25,5.75,1,1,0,1,0,0,0,1
45.25,6.25,1,0,0,1,0,0,1,1
45.25,6.75,0,0,0,1,1,0,1,1
45.25,7.25,1,1,0,1,1,0,0,1
45.25,7.75,0,0,0,1,1,0,0,1
45.25,8.25,0,1,0,1,1,0,0,1
45.25,8.75,0,1,0,1,1,0,0,1
45.25,9.25,0,1,0,1,1,0,0,0
45.25,9.75,0,1,0,1,1,0,0,0
45.25,10.25,0,0,0,1,1,0,0,0
45.25,10.75,0,1,0,1,1,1,0,0
45.25,11.25,0,0,0,1,1,0,0,0
45.25,11.75,0,0,0,1,1,0,0,0
45.25,12.25,0,1,0,1,1,0,0,0
45.25,12.75,0,0,0,0,1,0,0,0
45.25,13.75,0,0,0,0,0,0,0,0
45.25,14.25,0,0,0,0,0,0,0,0
45.25,14.75,1,1,0,0,0,0,0,0
45.25,15.25,1,1,0,0,0,0,0,1
45.25,15.75,0,0,0,0,1,0,0,1
45.25,16.25,0,0,0,0,1,0,0,1
45.25,16.75,0,1,0,0,1,0,0,1
45.25,17.25,0,0,0,0,1,0,0,1
45.25,17.75,1,0,0,0,1,0,0,1
45.25,18.25,0,1,0,0,1,0,0,1
45.25,18.75,0,1,0,0,1,0,0,1
45.25,19.25,0,1,0,0,1,0,0,1
45.25,19.75,0,0,0,0,1,0,0,1
45.25,20.25,0,1,0,0,1,0,0,1
45.25,20.75,0,1,0,0,1,0,0,1
45.25,21.25,0,1,0,0,1,0,0,1
45.25,21.75,0,0,0,0,1,0,0,1
45.25,22.25,0,0,0,0,1,0,0,1
45.25,22.75,1,0,0,0,1,0,1,1
45.25,23.25,0,0,0,0,1,0,0,1
45.25,23.75,1,0,0,0,1,0,1,1
45.25,24.25,1,0,0,0,1,0,0,1
45.25,24.75,1,0,0,0,1,0,0,1
45.25,25.25,0,1,0,0,1,0,0,1
45.25,25.75,0,0,0,0,1,0,0,1
45.25,26.25,1,0,0,0,1,0,0,1
45.25,26.75,0,1,0,0,1,0,0,1
45.25,27.25,0,1,0,0,1,0,0,0
45.25,27.75,0,1,0,0,1,0,0,0
45.25,28.25,0,0,0,0,1,0,0,0
45.25,28.75,0,1,0,0,1,0,0,0
45.25,29.25,0,1,0,0,1,0,0,0
45.25,29.75,0,1,0,0,1,0,0,0
45.75,-1.25,0,0,0,1,0,0,0,0
45.75,-0.75,0,0,0,1,0,0,0,1
45.75,-0.25,0,1,0,1,0,0,0,1
45.75,0.25,0,0,0,1,0,0,0,1
45.75,0.75,0,0,0,1,0,0,0,1
45.75,1.25,0,0,0,1,0,0,0,1
45.75,1.75,0,0,0,1,0,0,0,1
45.75,2.25,0,0,0,1,1,0,0,1
45.75,2.75,0,0,0,1,1,0,0,1
45.75,3.25,0,0,0,1,1,0,0,1
45.75,3.75,0,0,0,1,1,0,0,1
45.75,4.25,0,0,0,1,1,0,0,1
45.75,4.75,0,1,0,1,1,0,0,1
45.75,5.25,1,1,0,1,1,0,0,1
45.75,5.75,0,1,0,1,1,0,0,1
45.75,6.25,1,0,0,1,1,0,0,1
45.75,6.75,1,0,0,1,1,0,1,1
45.75,7.25,0,0,0,1,1,0,0,1
45.75,7.75,0,0,0,1,1,0,1,1
45.75,8.25,0,0,0,1,1,0,0,1
45.75,8.75,0,0,0,1,1,0,0,1
45.75,9.25,0,1,0,1,1,1,0,1
45.75,9.75,1,0,0,0,1,0,0,1
45.75,10.25,0,0,0,0,1,0,0,1
45.75,10.75,1,0,0,0,1,0,0,1
45.75,11.25,0,0,0,0,1,0,0,1
45.75,11.75,1,1,0,0,1,0,0,1
45.75,12.25,0,1,0,0,1,0,0,1
45.75,12.75,0,1,0,0,0,0,0,1
45.75,13.25,0,1,0,0,0,0,0,0
45.75,13.75,0,0,0,0,0,0,0,1
45.75,14.25,1,0,0,0,0,0,0,1
45.75,14.75,0,0,0,0,0,0,0,1
45.75,15.25,1,0,0,0,0,0,0,1
45.75,15.75,0,1,0,0,1,0,0,1
45.75,16.25,0,0,0,0,1,0,0,1
45.75,16.75,0,0,0,0,1,0,0,1
45.75,17.25,0,1,0,0,1,0,0,1
45.75,17.75,0,1,0,0,1,0,0,1
45.75,18.25,0,1,0,0,1,0,0,1
45.75,18.75,0,1,0,0,1,0,0,1
45.75,19.25,0,1,0,0,1,0,0,1
45.75,19.75,0,0,0,0,1,0,0,1
45.75,20.25,0,1,0,0,1,0,0,1
45.75,20.75,0,1,0,0,1,0,0,1
45.75,21.25,0,1,0,0,1,0,0,1
45.75,21.75,0,1,0,0,1,0,0,1
45.75,22.25,0,0,0,0,1,0,0,1
45.75,22.75,1,1,0,0,1,0,0,1
45.75,23.25,1,1,0,0,1,0,0,1
45.75,23.75,1,1,0,0,1,0,0,1
45.75,24.25,0,1,0,0,1,0,0,1
45.75,24.75,0,1,0,0,1,0,0,1
45.75,25.25,1,0,0,0,1,0,0,1
45.75,25.75,0,0,0,0,1,0,0,1
45.75,26.25,1,1,0,0,1,0,0,1
45.75,26.75,1,1,0,0,1,0,0,1
45.75,27.25,0,1,0,0,1,0,0,1
45.75,27.75,0,1,0,0,1,0,0,1
45.75,28.25,0,0,0,0,1,0,0,1
45.75,28.75,0,1,0,0,1,0,0,1
45.75,29.25,0,1,0,0,0,0,0,0
45.75,29.75,0,1,0,0,0,0,0,0
46.25,-1.75,0,0,0,1,0,0,0,0
46.25,-1.25,0,0,0,1,0,0,0,0
46.25,-0.75,0,0,0,1,0,0,0,1
46.25,-0.25,0,0,0,1,0,0,0,1
46.25,0.25,0,0,0,1,0,0,0,1
46.25,0.75,0,0,0,1,0,0,0,1
46.25,1.25,0,0,0,1,0,0,0,1
46.25,1.75,0,0,0,1,1,0,0,1
46.25,2.25,0,0,0,1,1,0,0,1
46.25,2.75,0,0,0,1,1,0,0,1
46.25,3.25,0,1,0,1,1,0,0,1
46.25,3.75,0,0,0,1,1,0,0,1
46.25,4.25,0,0,0,1,1,0,0,1
46.25,4.75,0,0,0,1,1,0,0,1
46.25,5.25,1,1,0,1,0,0,0,1
46.25,5.75,0,0,0,1,1,0,0,1
46.25,6.25,1,0,0,1,1,1,0,1
46.25,6.75,1,0,0,1,1,0,1,1
46.25,7.25,0,0,0,1,1,0,1,1
46.25,7.75,0,0,0,1,1,0,1,1
46.25,8.25,0,0,0,1,0,0,1,1
46.25,8.75,0,0,0,1,1,0,0,1
46.25,9.25,0,0,0,1,1,0,0,1
46.25,9.75,1,0,0,1,1,0,1,1
46.25,10.25,0,0,0,0,1,0,1,1
46.25,10.75,0,0,0,0,1,0,1,1
46.25,11.25,1,0,0,0,1,0,1,1
46.25,11.75,0,0,0,0,1,0,0,1
46.25,12.25,0,0,0,0,0,0,0,1
46.25,12.75,0,0,0,0,0,0,0,1
46.25,13.25,1,1,0,0,0,0,0,1
46.25,13.75,0,0,0,0,1,0,0,1
46.25,14.25,1,0,0,0,1,0,0,1
46.25,14.75,1,0,0,0,1,0,0,1
46.25,15.25,1,1,0,0,1,0,0,1
46.25,15.75,0,1,0,0,1,0,0,1
46.25,16.25,0,0,0,0,1,0,0,1
46.25,16.75,0,1,0,0,1,0,0,1
46.25,17.25,0,1,0,0,1,0,0,1
46.25,17.75,0,0,0,0,1,0,0,1
46.25,18.25,0,1,0,0,1,0,0,1
46.25,18.75,0,1,0,0,1,0,0,1
46.25,19.25,0,1,0,0,1,0,0,1
46.25,19.75,0,0,0,0,1,1,0,1
46.25,20.25,0,1,0,0,1,0,0,1
46.25,20.75,0,1,0,0,1,0,0,1
46.25,21.25,0,1,0,0,1,0,0,1
46.25,21.75,0,1,0,0,1,0,0,1
46.25,22.25,0,0,0,0,1,0,0,1
46.25,22.75,1,1,0,0,1,0,0,1
46.25,23.25,1,0,0,0,1,0,0,1
46.25,23.75,0,0,0,0,1,0,0,1
46.25,24.25,0,1,0,0,1,0,0,1
46.25,24.75,0,1,0,0,1,0,0,1
46.25,25.25,1,1,0,0,1,0,0,1
46.25,25.75,0,0,0,0,1,0,0,1
46.25,26.25,1,0,0,0,1,0,0,1
46.25,26.75,1,1,0,0,1,0,0,1
46.25,27.25,0,1,0,0,1,0,0,1
46.25,27.75,0,1,0,0,1,0,0,1
46.25,28.25,0,0,0,0,1,0,0,1
46.25,28.75,0,1,0,0,1,0,0,1
46.25,29.25,0,1,0,0,0,0,0,1
46.25,29.75,0,0,0,0,0,0,0,0
46.75,-2.25,0,0,0,1,1,0,0,0
46.75,-1.75,0,0,0,1,1,0,0,1
46.75,-1.25,0,0,0,1,1,0,0,1
46.75,-0.75,0,0,0,1,1,1,0,1
46.75,-0.25,0,0,0,1,1,0,0,1
46.75,0.25,0,0,0,1,0,0,0,1
46.75,0.75,0,0,0,1,0,0,0,1
46.75,1.25,0,0,0,1,1,0,0,1
46.75,1.75,0,0,0,1,1,0,0,1
46.75,2.25,0,1,0,1,1,0,0,1
46.75,2.75,0,0,0,1,1,0,0,1
46.75,3.25,0,1,0,1,1,0,0,1
46.75,3.75,0,1,0,1,1,0,0,1
46.75,4.25,0,0,0,1,1,0,0,1
46.75,4.75,0,0,0,1,1,0,0,1
46.75,5.25,0,1,0,1,0,0,0,1
46.75,5.75,0,0,0,1,1,0,0,1
46.75,6.25,0,1,0,1,1,0,0,1
46.75,6.75,0,0,0,1,1,0,0,1
46.75,7.25,1,0,0,1,1,0,0,1
46.75,7.75,0,0,0,1,1,0,0,1
46.75,8.25,0,0,0,1,1,0,1,1
46.75,8.75,0,0,0,1,1,0,0,1
46.75,9.25,0,0,0,1,1,0,1,1
46.75,9.75,1,0,0,1,1,0,1,1
46.75,10.25,0,0,0,1,1,0,1,1
46.75,10.75,0,0,0,0,0,0,1,1
46.75,11.25,1,0,0,0,0,0,1,1
46.75,11.75,0,0,0,0,0,0,1,1
46.75,12.25,1,0,0,0,0,0,1,1
46.75,12.75,1,0,0,0,0,0,0,1
46.75,13.25,0,0,0,0,0,0,0,1
46.75,13.75,0,0,0,0,1,0,0,1
46.75,14.25,1,0,0,0,1,0,0,1
46.75,14.75,1,1,0,0,1,0,0,1
46.75,15.25,1,1,0,0,1,1,0,1
46.75,15.75,0,1,0,0,1,0,0,1
46.75,16.25,0,0,0,0,1,0,0,1
46.75,16.75,0,1,0,0,1,0,0,1
46.75,17.25,0,1,0,0,1,0,0,1
46.75,17.75,0,0,0,0,1,0,0,1
46.75,18.25,0,1,0,0,1,0,0,1
46.75,18.75,0,1,0,0,1,0,0,1
46.75,19.25,0,1,0,0,1,0,0,1
46.75,19.75,0,0,0,0,1,0,0,1
46.75,20.25,0,1,0,0,1,0,0,1
46.75,20.75,0,0,0,0,1,0,0,1
46.75,21.25,0,0,0,0,1,0,0,1
46.75,21.75,0,1,0,0,1,0,0,1
46.75,22.25,0,0,0,0,1,0,0,1
46.75,22.75,1,0,0,0,1,0,0,1
46.75,23.25,0,0,0,0,1,0,0,1
46.75,23.75,0,0,0,0,1,0,0,1
46.75,24.25,0,1,0,0,1,0,0,1
46.75,24.75,0,1,0,0,1,0,0,1
46.75,25.25,1,1,0,0,1,0,0,1
46.75,25.75,0,0,0,0,1,0,0,1
46.75,26.25,1,0,0,0,1,0,0,1
46.75,26.75,0,1,0,0,1,0,0,1
46.75,27.25,0,1,0,0,1,0,0,1
46.75,27.75,0,1,0,0,1,0,0,1
46.75,28.25,0,0,0,0,1,0,0,1
46.75,28.75,0,1,0,0,1,0,0,1
46.75,29.25,0,1,0,0,0,0,0,1
46.75,29.75,0,0,0,0,0,0,0,1
47.25,-3.25,0,0,0,1,0,0,0,0
47.25,-2.75,0,0,0,1,1,0,0,0
47.25,-2.25,0,0,0,1,1,1,0,0
47.25,-1.75,0,0,0,1,1,0,0,1
47.25,-1.25,0,0,0,1,1,1,0,1
47.25,-0.75,0,0,0,1,1,0,0,1
47.25,-0.25,0,0,0,1,1,0,0,1
47.25,0.25,0,0,0,1,1,1,0,1
47.25,0.75,0,0,0,1,1,0,0,1
47.25,1.25,0,0,0,1,1,0,0,1
47.25,1.75,0,0,0,1,1,0,0,1
47.25,2.25,0,0,0,1,1,1,0,1
47.25,2.75,0,0,0,1,1,1,0,1
47.25,3.25,0,0,0,1,1,0,0,1
47.25,3.75,0,0,0,1,1,0,0,1
47.25,4.25,0,0,0,1,1,0,0,1
47.25,4.75,1,0,0,1,0,0,0,1
47.25,5.25,0,1,0,1,1,0,0,1
47.25,5.75,0,0,0,1,1,0,0,1
47.25,6.25,0,1,0,1,1,0,0,1
47.25,6.75,0,0,0,1,1,0,0,1
47.25,7.25,0,0,0,1,1,0,0,1
47.25,7.75,0,0,0,1,1,0,0,1
47.25,8.25,1,0,0,1,1,0,0,1
47.25,8.75,0,1,0,1,1,1,0,1
47.25,9.25,0,0,0,1,1,0,0,1
47.25,9.75,1,0,0,1,1,0,0,1
47.25,10.25,0,0,0,1,1,0,0,1
47.25,10.75,0,0,0,1,1,0,0,1
47.25,11.25,1,0,0,1,0,0,0,1
47.25,11.75,0,0,0,1,0,0,1,1
47.25,12.25,1,0,0,1,1,0,1,1
47.25,12.75,1,0,0,1,1,0,0,1
47.25,13.25,1,0,0,1,1,0,1,1
47.25,13.75,0,0,0,0,0,0,1,1
47.25,14.25,1,0,0,0,0,0,1,1
47.25,14.75,1,0,0,0,1,0,0,1
47.25,15.25,1,0,0,0,1,1,0,1
47.25,15.75,1,1,0,0,1,1,0,1
47.25,16.25,0,0,0,0,1,0,0,1
47.25,16.75,0,0,0,0,1,0,0,1
47.25,17.25,0,1,0,0,1,0,0,1
47.25,17.75,0,0,0,0,1,0,0,1
47.25,18.25,0,1,0,0,1,0,0,1
47.25,18.75,0,1,0,0,1,0,0,1
47.25,19.25,0,1,0,0,1,0,0,1
47.25,19.75,0,0,0,0,1,0,0,1
47.25,20.25,0,1,0,0,1,0,0,1
47.25,20.75,0,1,0,0,1,0,0,1
47.25,21.25,0,0,0,0,1,0,0,1
47.25,21.75,0,1,0,0,1,0,0,1
47.25,22.25,0,0,0,0,1,0,0,1
47.25,22.75,0,0,0,0,1,0,0,1
47.25,23.25,0,0,0,0,1,0,0,1
47.25,23.75,0,0,0,0,1,0,0,1
47.25,24.25,0,1,0,0,1,0,0,1
47.25,24.75,0,1,0,0,1,0,0,1
47.25,25.25,1,0,0,0,1,0,0,1
47.25,25.75,0,0,0,0,1,0,1,1
47.25,26.25,0,0,0,0,1,0,0,1
47.25,26.75,0,0,0,0,1,0,0,1
47.25,27.25,0,1,0,0,1,0,0,1
47.25,27.75,0,1,0,0,1,0,0,1
47.25,28.25,0,0,0,0,1,0,0,1
47.25,28.75,0,1,0,0,0,0,0,1
47.25,29.25,0,1,0,0,0,0,0,1
47.25,29.75,0,0,0,0,0,0,0,1
47.75,-4.25,0,0,0,1,0,0,0,0
47.75,-3.75,0,0,0,1,0,0,0,0
47.75,-3.25,0,0,0,1,0,0,0,1
47.75,-2.75,0,0,0,1,0,0,0,1
47.75,-2.25,0,0,0,1,1,0,0,1
47.75,-1.75,0,0,0,1,1,1,0,1
47.75,-1.25,0,0,0,1,1,0,0,1
47.75,-0.75,0,0,0,1,1,0,0,1
47.75,-0.25,0,0,0,1,1,0,0,1
47.75,0.25,0,0,0,1,1,0,0,1
47.75,0.75,0,0,0,1,1,0,0,1
47.75,1.25,0,0,0,1,1,1,0,1
47.75,1.75,0,0,0,1,1,1,0,1
47.75,2.25,0,0,0,1,1,1,0,1
47.75,2.75,0,1,0,1,1,1,0,1
47.75,3.25,0,0,0,1,1,0,0,1
47.75,3.75,0,0,0,1,1,1,0,1
47.75,4.25,0,0,0,1,1,0,0,1
47.75,4.75,0,0,0,1,0,0,0,1
47.75,5.25,0,1,0,1,0,1,0,1
47.75,5.75,0,0,0,1,0,0,0,1
47.75,6.25,0,0,0,1,0,0,0,1
47.75,6.75,1,1,0,1,1,0,0,1
47.75,7.25,0,1,0,1,1,0,0,1
47.75,7.75,0,0,0,1,1,1,0,1
47.75,8.25,1,0,0,1,1,1,0,1
47.75,8.75,1,0,0,1,1,0,0,1
47.75,9.25,1,0,0,1,1,1,0,1
47.75,9.75,1,0,0,1,1,1,0,1
47.75,10.25,0,0,0,1,1,0,0,1
47.75,10.75,1,0,0,1,1,0,0,1
47.75,11.25,1,0,0,1,1,1,0,1
47.75,11.75,0,0,0,1,0,0,0,1
47.75,12.25,0,0,0,1,1,0,0,1
47.75,12.75,1,0,0,1,1,0,0,1
47.75,13.25,1,0,0,1,1,0,0,1
47.75,13.75,0,0,0,0,1,0,0,1
47.75,14.25,1,0,0,0,1,0,0,1
47.75,14.75,1,0,0,0,1,0,0,1
47.75,15.25,1,0,0,0,1,0,0,1
47.75,15.75,0,0,0,0,1,0,0,1
47.75,16.25,0,0,0,0,1,0,0,1
47.75,16.75,0,1,0,0,1,0,0,1
47.75,17.25,0,0,0,0,1,0,0,1
47.75,17.75,0,0,0,0,1,0,0,1
47.75,18.25,0,1,0,0,1,0,0,1
47.75,18.75,0,1,0,0,1,0,0,1
47.75,19.25,0,1,0,0,1,0,0,1
47.75,19.75,0,0,0,0,1,0,0,1
47.75,20.25,0,1,0,0,1,0,0,1
47.75,20.75,0,1,0,0,1,0,0,1
47.75,21.25,0,1,0,0,1,0,0,1
47.75,21.75,0,1,0,0,1,0,0,1
47.75,22.25,0,0,0,0,1,0,0,1
47.75,22.75,0,1,0,0,1,0,0,1
47.75,23.25,0,0,0,0,1,0,0,1
47.75,23.75,0,0,0,0,1,0,0,1
47.75,24.25,1,0,0,0,1,0,0,1
47.75,24.75,0,0,0,0,1,0,0,1
47.75,25.25,0,0,0,0,1,0,0,1
47.75,25.75,0,0,0,0,1,0,0,1
47.75,26.25,0,0,0,0,1,0,0,1
47.75,26.75,0,1,0,0,1,0,0,1
47.75,27.25,0,1,0,0,1,0,0,1
47.75,27.75,0,1,0,0,1,0,0,1
47.75,28.25,0,0,0,0,0,0,0,1
47.75,28.75,0,1,0,0,0,0,0,1
47.75,29.25,0,1,0,0,0,0,0,1
47.75,29.75,0,0,0,0,0,0,0,1
48.25,-5.25,0,0,0,1,0,0,0,0
48.25,-4.75,0,1,0,1,0,0,0,0
48.25,-4.25,0,0,0,1,0,0,0,1
48.25,-3.75,0,0,0,1,0,0,0,1
48.25,-3.25,0,0,0,1,0,0,0,1
48.25,-2.75,0,0,0,1,0,0,0,1
48.25,-2.25,0,0,0,1,0,1,0,1
48.25,-1.75,0,0,0,1,0,0,0,1
48.25,-1.25,0,0,0,1,0,0,0,1
48.25,-0.75,0,0,0,1,1,0,0,1
48.25,-0.25,0,0,0,1,1,0,0,1
48.25,0.25,0,0,0,1,0,0,0,1
48.25,0.75,0,0,0,1,1,1,0,1
48.25,1.25,0,0,0,1,1,0,0,1
48.25,1.75,0,1,0,1,0,1,0,1
48.25,2.25,0,0,0,1,0,1,0,1
48.25,2.75,0,1,0,1,0,1,0,1
48.25,3.25,0,0,0,1,0,0,0,1
48.25,3.75,0,0,0,1,0,1,0,1
48.25,4.25,0,0,0,1,0,0,0,1
48.25,4.75,0,0,0,1,0,0,0,1
48.25,5.25,0,0,0,1,0,0,0,1
48.25,5.75,0,0,0,1,0,0,0,1
48.25,6.25,0,0,0,1,0,0,0,1
48.25,6.75,0,0,0,1,0,0,0,1
48.25,7.25,1,1,0,1,1,0,0,1
48.25,7.75,1,0,0,1,1,1,0,1
48.25,8.25,0,0,0,1,1,0,0,1
48.25,8.75,0,0,0,1,1,1,0,1
48.25,9.25,1,0,0,1,1,1,0,1
48.25,9.75,0,0,0,1,1,1,0,1
48.25,10.25,0,0,0,1,1,0,0,1
48.25,10.75,0,0,0,1,1,1,0,1
48.25,11.25,1,0,0,1,1,0,0,1
48.25,11.75,0,0,0,1,1,1,0,1
48.25,12.25,1,0,0,1,1,0,0,1
48.25,12.75,1,0,0,1,1,0,0,1
48.25,13.25,1,1,0,1,1,0,0,1
48.25,13.75,0,0,0,0,1,0,0,1
48.25,14.25,0,0,0,0,1,0,0,1
48.25,14.75,1,0,0,0,1,1,0,1
48.25,15.25,1,0,0,0,1,0,0,1
48.25,15.75,0,0,0,0,1,0,0,1
48.25,16.25,1,0,0,0,1,1,0,1
48.25,16.75,0,1,0,0,1,0,0,1
48.25,17.25,0,1,0,0,1,0,0,1
48.25,17.75,0,0,0,0,1,0,0,1
48.25,18.25,0,1,0,0,1,0,0,1
48.25,18.75,0,1,0,0,1,0,0,1
48.25,19.25,0,1,0,0,1,0,0,1
48.25,19.75,0,1,0,0,1,0,0,1
48.25,20.25,0,0,0,0,1,0,0,1
48.25,20.75,0,1,0,0,1,0,0,1
48.25,21.25,0,1,0,0,1,0,0,1
48.25,21.75,0,0,0,0,1,0,0,1
48.25,22.25,0,1,0,0,1,0,0,1
48.25,22.75,1,1,0,0,1,0,0,1
48.25,23.25,1,0,0,0,1,0,0,1
48.25,23.75,0,0,0,0,1,0,0,1
48.25,24.25,1,0,0,0,1,0,0,1
48.25,24.75,1,0,0,0,1,0,0,1
48.25,25.25,0,0,0,0,1,0,0,1
48.25,25.75,1,0,0,0,1,0,0,1
48.25,26.25,0,0,0,0,1,0,0,1
48.25,26.75,1,1,0,0,1,0,0,1
48.25,27.25,0,1,0,0,1,0,0,1
48.25,27.75,0,0,0,0,0,0,0,1
48.25,28.25,0,1,0,0,0,0,0,1
48.25,28.75,0,1,0,0,0,0,0,1
48.25,29.25,0,0,0,0,0,0,0,1
48.25,29.75,0,0,0,0,0,0,0,1
48.75,-4.75,0,0,0,1,0,0,0,0
48.75,-4.25,0,0,0,1,0,0,0,0
48.75,-3.75,0,0,0,1,0,0,0,0
48.75,-3.25,0,0,0,1,0,0,0,1
48.75,-2.75,0,0,0,1,0,0,0,0
48.75,-2.25,0,0,0,1,0,0,0,0
48.75,-1.75,0,0,0,1,0,0,0,0
48.75,-1.25,0,0,0,1,0,0,0,1
48.75,-0.75,0,0,0,1,0,0,0,1
48.75,-0.25,0,0,0,1,0,0,0,1
48.75,0.25,0,0,0,1,0,0,0,1
48.75,0.75,0,0,1,1,0,0,0,1
48.75,1.25,0,0,0,1,0,0,0,1
48.75,1.75,0,1,0,1,0,1,0,1
48.75,2.25,0,0,0,1,0,0,0,1
48.75,2.75,0,1,0,1,0,1,0,1
48.75,3.25,0,0,0,1,0,0,0,1
48.75,3.75,0,0,0,1,0,0,0,1
48.75,4.25,0,1,0,1,0,1,0,1
48.75,4.75,0,0,0,1,0,1,0,1
48.75,5.25,0,0,0,1,0,0,0,1
48.75,5.75,0,0,0,1,0,0,0,1
48.75,6.25,0,0,0,1,1,0,0,1
48.75,6.75,1,0,0,1,1,0,0,1
48.75,7.25,0,0,0,1,1,0,0,1
48.75,7.75,1,0,0,1,1,0,0,1
48.75,8.25,0,0,0,1,1,0,0,1
48.75,8.75,0,0,0,1,1,1,0,1
48.75,9.25,1,0,0,1,1,1,0,1
48.75,9.75,0,0,0,1,1,0,0,1
48.75,10.25,1,0,0,1,1,1,0,1
48.75,10.75,1,0,0,1,1,0,0,1
48.75,11.25,0,0,0,1,1,0,0,1
48.75,11.75,1,0,0,1,1,0,0,1
48.75,12.25,1,0,0,1,1,0,0,1
48.75,12.75,0,0,0,1,1,0,0,1
48.75,13.25,1,0,0,1,1,0,0,1
48.75,13.75,1,0,0,0,1,0,0,1
48.75,14.25,0,0,0,0,1,0,0,1
48.75,14.75,1,1,0,0,1,0,0,1
48.75,15.25,1,0,0,0,1,0,0,1
48.75,15.75,0,0,0,0,1,0,0,1
48.75,16.25,0,1,0,0,1,0,0,1
48.75,16.75,0,1,1,0,1,0,0,1
48.75,17.25,1,1,0,0,1,0,0,1
48.75,17.75,0,1,0,0,1,0,0,1
48.75,18.25,1,1,0,0,1,0,0,1
48.75,18.75,0,0,0,0,1,0,0,1
48.75,19.25,1,1,0,0,1,0,0,1
48.75,19.75,1,1,0,0,1,0,0,1
48.75,20.25,0,0,0,0,1,0,0,1
48.75,20.75,1,1,0,0,1,0,0,1
48.75,21.25,1,1,0,0,1,0,0,1
48.75,21.75,0,0,0,0,1,0,0,1
48.75,22.25,0,1,0,0,1,0,0,1
48.75,22.75,1,0,0,0,1,0,0,1
48.75,23.25,1,0,0,0,1,0,0,1
48.75,23.75,1,0,0,0,1,0,0,1
48.75,24.25,0,0,0,0,1,0,0,1
48.75,24.75,1,0,0,0,1,0,0,1
48.75,25.25,1,1,0,0,1,0,0,1
48.75,25.75,0,1,0,0,1,0,0,1
48.75,26.25,0,0,0,0,1,0,0,1
48.75,26.75,0,1,0,0,1,0,0,1
48.75,27.25,0,1,0,0,1,0,0,1
48.75,27.75,0,0,0,0,0,0,0,1
48.75,28.25,0,1,0,0,0,0,0,1
48.75,28.75,0,1,0,0,0,0,0,1
48.75,29.25,0,0,0,0,0,0,0,1
48.75,29.75,0,1,0,0,0,0,0,1
49.25,-2.75,0,0,0,1,0,0,0,0
49.25,-2.25,0,0,0,1,0,0,0,0
49.25,-1.75,0,0,0,1,0,0,0,0
49.25,-1.25,0,0,0,1,0,0,0,1
49.25,-0.75,0,0,0,1,0,0,0,1
49.25,-0.25,0,0,0,1,0,0,0,1
49.25,0.25,0,0,0,1,1,0,0,1
49.25,0.75,0,0,0,1,1,0,0,1
49.25,1.25,0,0,0,1,1,0,0,1
49.25,1.75,0,0,0,1,1,0,0,1
49.25,2.25,0,0,0,1,1,0,0,1
49.25,2.75,0,0,0,1,1,1,0,1
49.25,3.25,0,1,0,1,0,0,0,1
49.25,3.75,0,0,0,1,0,0,0,1
49.25,4.25,0,1,0,1,0,0,0,1
49.25,4.75,0,1,0,1,0,0,0,1
49.25,5.25,0,0,0,1,1,0,0,1
49.25,5.75,0,0,0,1,1,0,0,1
49.25,6.25,1,1,0,1,1,1,0,1
49.25,6.75,0,0,0,1,1,0,0,1
49.25,7.25,1,0,0,1,1,0,0,1
49.25,7.75,0,0,0,1,1,1,0,1
49.25,8.25,0,0,0,1,1,1,0,1
49.25,8.75,0,0,0,1,1,1,0,1
49.25,9.25,0,0,0,1,1,1,0,1
49.25,9.75,0,0,0,1,1,0,0,1
49.25,10.25,0,0,0,1,1,1,0,1
49.25,10.75,1,0,0,1,1,0,0,1
49.25,11.25,0,0,0,1,1,0,0,1
49.25,11.75,1,0,0,1,1,1,0,1
49.25,12.25,1,0,0,1,1,0,0,1
49.25,12.75,0,0,0,1,1,0,0,1
49.25,13.25,1,0,0,1,1,0,0,1
49.25,13.75,0,0,0,1,1,0,0,1
49.25,14.25,0,0,0,0,1,0,0,1
49.25,14.75,1,0,0,0,1,0,0,1
49.25,15.25,1,0,0,0,1,0,0,1
49.25,15.75,0,0,0,0,1,0,0,1
49.25,16.25,1,0,0,0,1,0,0,1
49.25,16.75,0,0,0,0,1,0,0,1
49.25,17.25,0,0,0,0,1,1,0,1
49.25,17.75,1,1,0,0,1,0,0,1
49.25,18.25,1,0,0,0,1,0,0,1
49.25,18.75,0,0,0,0,1,0,0,1
49.25,19.25,0,0,0,0,1,0,0,1
49.25,19.75,1,0,0,0,1,0,1,1
49.25,20.25,0,0,0,0,1,0,1,1
49.25,20.75,1,0,0,0,1,0,0,1
49.25,21.25,1,0,0,0,1,0,0,1
49.25,21.75,0,0,0,0,1,0,0,1
49.25,22.25,0,0,1,0,1,0,0,1
49.25,22.75,1,0,0,0,1,0,0,1
49.25,23.25,0,0,0,0,1,0,0,1
49.25,23.75,1,1,0,0,1,0,0,1
49.25,24.25,0,0,0,0,1,0,0,1
49.25,24.75,0,0,0,0,1,0,0,1
49.25,25.25,0,0,0,0,1,0,0,1
49.25,25.75,0,1,0,0,1,0,0,1
49.25,26.25,0,0,0,0,1,0,0,1
49.25,26.75,0,1,0,0,1,0,0,1
49.25,27.25,0,1,0,0,1,0,0,1
49.25,27.75,0,0,0,0,1,0,0,1
49.25,28.25,0,1,0,0,0,0,0,1
49.25,28.75,0,1,0,0,0,0,0,1
49.25,29.25,0,0,0,0,0,0,0,1
49.25,29.75,0,1,0,0,0,0,0,1
49.75,-2.25,0,0,0,1,0,0,0,0
49.75,-1.75,0,1,0,1,0,0,0,0
49.75,-1.25,0,0,0,1,0,0,0,0
49.75,0.25,0,0,0,1,1,0,0,0
49.75,0.75,0,0,0,1,1,0,0,1
49.75,1.25,0,0,0,1,1,0,0,1
49.75,1.75,0,0,0,1,1,0,0,1
49.75,2.25,0,0,0,1,1,0,0,1
49.75,2.75,0,0,0,1,0,0,0,1
49.75,3.25,0,0,0,1,0,0,0,1
49.75,3.75,0,0,0,1,0,0,0,1
49.75,4.25,0,0,0,1,0,0,0,1
49.75,4.75,1,0,0,1,1,0,0,1
49.75,5.25,0,0,0,1,1,0,0,1
49.75,5.75,0,0,0,1,1,0,0,1
49.75,6.25,1,0,0,1,1,0,0,1
49.75,6.75,0,0,0,1,1,0,0,1
49.75,7.25,1,0,0,1,1,1,0,1
49.75,7.75,0,0,0,1,1,1,0,1
49.75,8.25,0,0,0,1,1,1,0,1
49.75,8.75,0,0,0,1,1,0,0,1
49.75,9.25,1,0,0,1,1,1,0,1
49.75,9.75,0,0,0,1,1,1,0,1
49.75,10.25,0,0,0,1,1,0,0,1
49.75,10.75,0,0,0,1,1,0,0,1
49.75,11.25,0,0,0,1,1,0,0,1
49.75,11.75,1,0,0,1,1,0,0,1
49.75,12.25,1,0,0,1,1,0,0,1
49.75,12.75,0,0,0,1,1,0,0,1
49.75,13.25,1,0,0,0,1,0,0,1
49.75,13.75,1,0,0,0,1,0,0,1
49.75,14.25,0,0,0,0,1,1,0,1
49.75,14.75,1,0,0,0,1,0,0,1
49.75,15.25,0,0,0,0,1,0,0,1
49.75,15.75,0,0,0,0,1,0,0,1
49.75,16.25,1,0,0,0,1,0,0,1
49.75,16.75,1,0,0,0,1,0,0,1
49.75,17.25,0,0,0,0,1,0,0,1
49.75,17.75,1,0,0,0,1,0,0,1
49.75,18.25,1,0,0,0,1,0,0,1
49.75,18.75,0,0,0,0,1,0,0,1
49.75,19.25,0,0,1,0,1,1,0,1
49.75,19.75,0,0,0,0,1,0,0,1
49.75,20.25,0,0,0,0,1,0,0,1
49.75,20.75,0,0,1,0,1,0,0,1
49.75,21.25,1,0,1,0,1,0,0,1
49.75,21.75,0,0,0,0,1,0,0,1
49.75,22.25,1,0,1,0,1,1,0,1
49.75,22.75,1,1,1,0,1,0,0,1
49.75,23.25,0,0,0,0,1,0,0,1
49.75,23.75,0,1,0,0,1,0,0,1
49.75,24.25,0,0,0,0,1,0,0,1
49.75,24.75,0,0,0,0,1,0,0,1
49.75,25.25,0,0,0,0,1,0,0,1
49.75,25.75,0,0,0,0,1,0,0,1
49.75,26.25,0,0,0,0,1,0,0,1
49.75,26.75,0,0,0,0,1,0,0,1
49.75,27.25,0,0,0,0,1,0,0,1
49.75,27.75,0,0,0,0,1,0,0,1
49.75,28.25,0,0,1,0,0,0,0,1
49.75,28.75,0,0,0,0,0,0,0,1
49.75,29.25,0,0,0,0,0,0,0,1
49.75,29.75,0,0,0,0,0,0,0,1
50.25,-5.75,0,0,0,1,0,0,0,0
50.25,-5.25,0,0,0,1,0,0,0,1
50.25,-4.75,0,0,0,1,0,0,0,0
50.25,-4.25,0,0,0,1,0,0,0,0
50.25,-3.75,0,0,0,1,0,0,0,1
50.25,1.25,0,0,0,1,1,0,0,0
50.25,1.75,0,0,0,1,1,0,0,1
50.25,2.25,0,0,0,1,0,0,0,1
50.25,2.75,0,0,0,1,0,0,0,1
50.25,3.25,0,1,0,1,0,0,0,1
50.25,3.75,0,0,0,1,0,1,0,1
50.25,4.25,0,0,0,1,0,1,0,1
50.25,4.75,0,0,0,1,0,1,0,1
50.25,5.25,0,0,0,1,0,0,0,1
50.25,5.75,1,0,0,1,1,0,0,1
50.25,6.25,0,0,0,1,1,0,0,1
50.25,6.75,0,0,0,1,1,0,0,1
50.25,7.25,0,0,0,1,1,0,0,1
50.25,7.75,1,0,0,1,1,0,0,1
50.25,8.25,0,0,0,1,0,1,0,1
50.25,8.75,0,0,0,1,1,1,0,1
50.25,9.25,1,0,0,1,1,1,0,1
50.25,9.75,0,0,0,1,1,1,0,1
50.25,10.25,1,0,0,1,0,1,0,1
50.25,10.75,1,0,0,1,0,0,0,1
50.25,11.25,0,0,0,1,1,0,0,1
50.25,11.75,0,0,0,1,1,0,0,1
50.25,12.25,1,0,0,1,1,0,0,1
50.25,12.75,0,0,0,1,1,0,0,1
50.25,13.25,1,0,1,0,1,0,0,1
50.25,13.75,1,1,0,0,1,0,0,1
50.25,14.25,0,0,0,0,1,1,0,1
50.25,14.75,0,0,0,0,1,0,0,1
50.25,15.25,0,0,1,0,1,0,0,1
50.25,15.75,0,0,0,0,1,0,0,1
50.25,16.25,0,0,0,0,1,0,0,1
50.25,16.75,0,0,0,0,1,0,0,1
50.25,17.25,0,0,0,0,1,0,0,1
50.25,17.75,1,0,0,0,1,0,0,1
50.25,18.25,0,0,0,0,1,0,0,1
50.25,18.75,0,0,0,0,1,0,0,1
50.25,19.25,0,0,1,0,1,0,0,1
50.25,19.75,1,0,0,0,1,0,0,1
50.25,20.25,0,0,0,0,1,0,0,1
50.25,20.75,1,1,0,0,1,0,0,1
50.25,21.25,1,0,0,0,1,0,0,1
50.25,21.75,0,0,0,0,1,0,0,1
50.25,22.25,1,0,1,0,1,0,0,1
50.25,22.75,1,0,1,0,1,0,0,1
50.25,23.25,0,0,0,0,1,0,0,1
50.25,23.75,0,1,0,0,1,0,0,1
50.25,24.25,0,0,0,0,1,0,0,1
50.25,24.75,0,0,0,0,1,0,0,1
50.25,25.25,0,1,0,0,1,0,0,1
50.25,25.75,0,1,0,0,1,0,0,1
50.25,26.25,0,0,0,0,1,0,0,1
50.25,26.75,0,1,0,0,1,0,0,1
50.25,27.25,0,0,0,0,1,0,0,1
50.25,27.75,0,0,0,0,1,0,0,1
50.25,28.25,0,0,1,0,0,0,0,1
50.25,28.75,0,0,1,0,0,0,0,1
50.25,29.25,0,0,0,0,0,0,0,1
50.25,29.75,0,0,0,0,0,0,0,1
50.75,-4.75,0,0,0,1,0,0,0,0
50.75,-4.25,0,0,0,1,0,0,0,1
50.75,-3.75,0,0,0,1,0,0,0,1
50.75,-3.25,0,0,0,1,0,0,0,1
50.75,-2.75,0,0,0,1,0,0,0,1
50.75,-2.25,0,0,0,1,0,0,0,1
50.75,-1.75,0,0,0,1,0,0,0,1
50.75,-1.25,0,0,0,1,0,0,0,1
50.75,-0.75,0,0,0,1,0,0,0,0
50.75,-0.25,0,0,0,1,0,0,0,0
50.75,0.25,0,0,0,0,0,0,0,0
50.75,0.75,0,0,0,0,0,0,0,0
50.75,1.75,0,0,0,1,0,0,0,1
50.75,2.25,0,0,0,1,0,1,0,1
50.75,2.75,0,0,0,1,0,0,0,1
50.75,3.25,0,0,0,1,0,1,0,1
50.75,3.75,0,0,0,1,0,0,0,1
50.75,4.25,0,0,0,1,0,1,0,1
50.75,4.75,0,0,0,1,0,1,0,1
50.75,5.25,0,0,0,1,1,1,0,1
50.75,5.75,0,0,0,1,1,1,0,1
50.75,6.25,1,0,0,1,1,0,0,1
50.75,6.75,0,0,0,1,1,1,0,1
50.75,7.25,0,0,0,1,0,1,0,1
50.75,7.75,1,0,0,1,0,0,0,1
50.75,8.25,0,0,0,1,0,1,0,1
50.75,8.75,1,0,0,1,0,1,0,1
50.75,9.25,0,0,0,1,0,0,0,1
50.75,9.75,0,0,0,1,0,0,0,1
50.75,10.25,0,0,0,1,1,1,0,1
50.75,10.75,1,0,0,1,1,0,0,1
50.75,11.25,0,0,0,1,1,1,0,1
50.75,11.75,1,0,0,1,1,1,0,1
50.75,12.25,0,0,0,1,1,0,0,1
50.75,12.75,0,0,0,0,1,0,0,1
50.75,13.25,1,0,0,0,1,0,0,1
50.75,13.75,0,1,0,0,1,0,0,1
50.75,14.25,0,0,0,0,1,0,0,1
50.75,14.75,0,0,1,0,1,0,0,1
50.75,15.25,1,0,0,0,1,0,0,1
50.75,15.75,0,0,0,0,1,1,0,1
50.75,16.25,1,0,0,0,1,0,0,1
50.75,16.75,1,0,0,0,1,0,0,1
50.75,17.25,0,0,0,0,1,0,0,1
50.75,17.75,1,0,1,0,1,0,0,1
50.75,18.25,1,0,1,0,1,0,0,1
50.75,18.75,0,0,0,0,1,0,0,1
50.75,19.25,1,0,1,0,1,0,0,1
50.75,19.75,1,0,1,0,1,0,0,1
50.75,20.25,0,0,0,0,1,0,0,1
50.75,20.75,1,0,1,0,1,0,0,1
50.75,21.25,0,0,1,0,1,0,0,1
50.75,21.75,0,0,0,0,1,0,0,1
50.75,22.25,1,0,1,0,1,0,0,1
50.75,22.75,0,0,1,0,1,0,0,1
50.75,23.25,0,0,0,0,1,0,0,1
50.75,23.75,0,1,1,0,1,0,0,1
50.75,24.25,0,1,0,0,1,0,0,1
50.75,24.75,0,0,0,0,1,0,0,1
50.75,25.25,0,1,0,0,1,0,0,1
50.75,25.75,0,0,1,0,1,0,0,1
50.75,26.25,0,0,0,0,1,0,0,1
50.75,26.75,0,0,1,0,1,0,0,1
50.75,27.25,0,0,0,0,1,0,0,1
50.75,27.75,0,0,0,0,1,0,0,1
50.75,28.25,0,0,1,0,1,0,0,1
50.75,28.75,0,0,1,0,0,0,0,1
50.75,29.25,0,0,0,0,0,0,0,1
50.75,29.75,0,0,1,0,0,0,0,1
51.25,-9.75,0,0,0,0,0,0,0,0
51.25,-9.25,0,0,0,0,0,0,0,0
51.25,-4.75,0,0,0,1,0,0,0,0
51.25,-4.25,0,0,0,1,0,0,0,0
51.25,-3.75,0,0,0,1,0,0,0,0
51.25,-3.25,0,0,0,1,0,0,0,0
51.25,-2.75,0,0,0,1,0,0,0,1
51.25,-2.25,0,0,0,1,0,0,0,1
51.25,-1.75,0,0,0,1,0,0,0,1
51.25,-1.25,0,0,0,1,0,0,0,1
51.25,-0.75,0,0,0,1,0,0,0,1
51.25,-0.25,0,0,0,1,0,0,0,1
51.25,0.25,0,0,0,0,0,0,0,1
51.25,0.75,0,0,0,0,0,0,0,1
51.25,1.25,0,0,0,0,0,0,0,1
51.25,2.25,0,0,0,1,0,0,0,0
51.25,2.75,0,0,0,1,0,0,0,0
51.25,3.25,0,0,0,1,0,1,0,1
51.25,3.75,0,0,0,1,0,1,0,1
51.25,4.25,0,0,0,1,0,1,0,1
51.25,4.75,0,0,0,1,0,1,0,1
51.25,5.25,0,0,0,1,0,1,0,1
51.25,5.75,0,0,0,1,1,1,0,1
51.25,6.25,0,0,0,1,1,1,0,1
51.25,6.75,0,0,0,1,1,0,0,1
51.25,7.25,1,0,0,1,0,0,0,1
51.25,7.75,1,0,0,1,0,0,0,1
51.25,8.25,0,0,0,1,0,0,0,1
51.25,8.75,1,0,0,1,0,0,0,1
51.25,9.25,1,0,0,1,0,1,0,1
51.25,9.75,0,0,0,1,0,1,0,1
51.25,10.25,1,0,0,1,1,0,0,1
51.25,10.75,1,0,0,1,1,0,0,1
51.25,11.25,0,0,0,1,1,1,0,1
51.25,11.75,0,0,0,1,1,1,0,1
51.25,12.25,0,1,0,1,1,1,0,1
51.25,12.75,0,0,0,1,1,1,0,1
51.25,13.25,0,0,0,0,1,0,0,1
51.25,13.75,0,0,0,0,1,1,0,1
51.25,14.25,0,0,0,0,1,0,0,1
51.25,14.75,0,0,1,0,1,0,0,1
51.25,15.25,0,0,1,0,1,0,0,1
51.25,15.75,0,0,0,0,1,0,0,1
51.25,16.25,1,0,1,0,1,0,0,1
51.25,16.75,0,0,1,0,1,0,0,1
51.25,17.25,0,0,0,0,1,0,0,1
51.25,17.75,0,1,1,0,1,0,0,1
51.25,18.25,0,0,1,0,1,0,0,1
51.25,18.75,0,0,0,0,1,0,0,1
51.25,19.25,0,0,1,0,1,0,0,1
51.25,19.75,0,0,1,0,1,0,0,1
51.25,20.25,0,0,0,0,1,0,0,1
51.25,20.75,1,0,1,0,1,0,0,1
51.25,21.25,0,0,1,0,1,0,0,1
51.25,21.75,0,0,0,0,1,0,0,1
51.25,22.25,1,0,1,0,1,0,0,1
51.25,22.75,0,1,1,0,1,0,0,1
51.25,23.25,0,0,0,0,1,0,0,1
51.25,23.75,0,1,1,0,1,0,0,1
51.25,24.25,0,0,0,0,1,0,0,1
51.25,24.75,0,0,0,0,1,0,0,1
51.25,25.25,0,0,1,0,1,0,0,1
51.25,25.75,0,0,1,0,1,0,0,1
51.25,26.25,0,0,0,0,1,0,0,1
51.25,26.75,0,0,1,0,1,0,0,1
51.25,27.25,0,0,1,0,1,0,0,1
51.25,27.75,0,0,0,0,1,0,0,1
51.25,28.25,0,0,1,0,1,0,0,1
51.25,28.75,0,0,1,0,0,0,0,1
51.25,29.25,0,0,0,0,0,0,0,1
51.25,29.75,0,0,1,0,0,0,0,1
51.75,-10.25,0,0,0,0,0,0,0,0
51.75,-9.75,0,0,0,0,0,0,0,1
51.75,-9.25,0,0,0,0,0,0,0,1
51.75,-8.75,0,0,0,0,0,0,0,1
51.75,-8.25,0,0,0,0,0,0,0,0
51.75,-7.75,0,0,0,0,0,0,0,0
51.75,-5.25,0,0,0,1,0,0,0,0
51.75,-4.75,0,0,0,1,0,0,0,1
51.75,-4.25,0,0,0,1,0,0,0,1
51.75,-3.75,0,0,0,1,0,0,0,1
51.75,-3.25,0,0,0,1,0,0,0,1
51.75,-2.75,0,0,0,1,0,0,0,1
51.75,-2.25,0,0,0,1,0,0,0,1
51.75,-1.75,0,0,0,1,0,0,0,1
51.75,-1.25,0,0,0,1,0,0,0,1
51.75,-0.75,0,0,0,1,0,0,0,1
51.75,-0.25,0,0,0,1,0,0,0,1
51.75,0.25,0,0,0,0,0,0,0,1
51.75,0.75,0,0,0,0,0,0,0,1
51.75,1.25,0,0,0,0,0,0,0,0
51.75,3.25,0,0,0,0,0,0,0,0
51.75,3.75,0,0,0,0,0,0,0,0
51.75,4.25,0,0,0,1,1,1,0,1
51.75,4.75,0,0,0,1,1,1,0,1
51.75,5.25,0,0,0,1,1,1,0,1
51.75,5.75,0,0,0,1,1,1,0,1
51.75,6.25,0,0,0,1,1,1,0,1
51.75,6.75,0,0,0,1,1,0,0,1
51.75,7.25,0,0,0,1,1,0,0,1
51.75,7.75,0,0,0,1,1,0,0,1
51.75,8.25,0,0,0,1,1,0,0,1
51.75,8.75,0,0,0,1,1,1,0,1
51.75,9.25,1,0,0,1,1,1,0,1
51.75,9.75,0,0,0,1,1,1,0,1
51.75,10.25,1,0,0,1,1,1,0,1
51.75,10.75,1,0,0,1,1,0,0,1
51.75,11.25,0,0,0,1,1,0,0,1
51.75,11.75,1,0,1,1,1,0,0,1
51.75,12.25,0,1,1,1,1,1,0,1
51.75,12.75,0,0,0,1,1,0,0,1
51.75,13.25,0,0,1,1,1,1,0,1
51.75,13.75,0,0,1,0,1,0,0,1
51.75,14.25,0,0,0,0,1,0,0,1
51.75,14.75,0,0,1,0,1,0,0,1
51.75,15.25,0,0,1,0,1,0,0,1
51.75,15.75,0,0,0,0,1,0,0,1
51.75,16.25,0,0,1,0,1,0,0,1
51.75,16.75,0,0,1,0,1,0,0,1
51.75,17.25,0,0,0,0,1,0,0,1
51.75,17.75,1,0,1,0,1,0,0,1
51.75,18.25,0,0,1,0,1,0,0,1
51.75,18.75,0,0,0,0,1,0,0,1
51.75,19.25,0,0,1,0,1,0,0,1
51.75,19.75,1,0,0,0,1,0,0,1
51.75,20.25,0,0,0,0,1,0,0,1
51.75,20.75,1,0,1,0,1,0,0,1
51.75,21.25,0,0,1,0,1,0,0,1
51.75,21.75,0,0,0,0,1,0,0,1
51.75,22.25,0,0,1,0,1,0,0,1
51.75,22.75,1,0,1,0,1,0,0,1
51.75,23.25,0,0,0,0,1,0,0,1
51.75,23.75,1,1,1,0,1,0,0,1
51.75,24.25,0,0,1,0,1,0,0,1
51.75,24.75,0,0,0,0,1,0,0,1
51.75,25.25,0,0,1,0,1,0,0,1
51.75,25.75,0,0,0,0,1,0,0,1
51.75,26.25,0,0,0,0,1,0,0,1
51.75,26.75,0,0,1,0,1,0,0,1
51.75,27.25,0,0,1,0,1,0,0,1
51.75,27.75,0,0,0,0,1,0,0,1
51.75,28.25,0,0,0,0,1,0,0,1
51.75,28.75,0,0,1,0,1,0,0,1
51.75,29.25,0,0,0,0,1,0,0,1
51.75,29.75,0,0,1,0,0,0,0,1
52.25,-10.25,0,0,0,0,0,0,0,1
52.25,-9.75,0,0,0,0,0,0,0,1
52.25,-9.25,0,0,0,0,0,0,0,1
52.25,-8.75,0,0,0,0,0,0,0,1
52.25,-8.25,0,0,0,0,0,0,0,1
52.25,-7.75,0,0,0,0,0,0,0,1
52.25,-7.25,0,0,0,0,0,0,0,1
52.25,-6.75,0,0,0,0,0,0,0,1
52.25,-6.25,0,0,0,0,0,0,0,0
52.25,-5.25,0,0,0,1,0,0,0,0
52.25,-4.75,0,0,0,1,0,0,0,0
52.25,-4.25,0,0,0,1,0,0,0,1
52.25,-3.75,0,0,0,1,0,0,0,1
52.25,-3.25,0,0,0,1,0,0,0,1
52.25,-2.75,0,0,0,1,0,0,0,1
52.25,-2.25,0,0,0,1,0,0,0,1
52.25,-1.75,0,0,0,0,0,0,0,1
52.25,-1.25,0,0,0,0,0,0,0,1
52.25,-0.75,0,0,0,0,0,0,0,1
52.25,-0.25,0,0,0,0,0,0,0,1
52.25,0.25,0,0,0,0,0,0,0,1
52.25,0.75,0,0,0,0,0,0,0,1
52.25,1.25,0,0,0,0,0,0,0,1
52.25,1.75,0,0,0,0,0,0,0,0
52.25,4.25,0,0,0,0,0,1,0,0
52.25,4.75,0,0,0,1,1,1,0,1
52.25,5.25,0,0,0,1,1,1,0,1
52.25,5.75,0,0,0,1,1,1,0,1
52.25,6.25,0,0,0,1,1,0,0,1
52.25,6.75,0,0,0,1,1,1,0,1
52.25,7.25,0,0,0,1,1,0,0,1
52.25,7.75,0,0,0,1,1,0,0,1
52.25,8.25,0,0,0,1,1,0,0,1
52.25,8.75,0,1,0,1,1,0,0,1
52.25,9.25,1,0,0,1,1,0,0,1
52.25,9.75,0,0,0,1,1,1,0,1
52.25,10.25,1,0,0,1,1,0,0,1
52.25,10.75,0,1,1,1,1,0,0,1
52.25,11.25,0,0,0,1,1,0,0,1
52.25,11.75,0,0,1,1,1,0,0,1
52.25,12.25,0,0,1,1,1,0,0,1
52.25,12.75,0,0,0,1,1,1,0,1
52.25,13.25,0,0,1,0,1,1,0,1
52.25,13.75,0,0,1,0,1,0,0,1
52.25,14.25,0,0,0,0,1,0,0,1
52.25,14.75,0,0,1,0,1,0,0,1
52.25,15.25,0,0,1,0,1,0,0,1
52.25,15.75,0,0,0,0,1,0,0,1
52.25,16.25,0,0,1,0,1,0,0,1
52.25,16.75,0,0,1,0,1,0,0,1
52.25,17.25,0,0,0,0,1,1,0,1
52.25,17.75,0,0,1,0,1,0,0,1
52.25,18.25,0,0,1,0,1,0,0,1
52.25,18.75,0,0,0,0,1,0,0,1
52.25,19.25,0,0,1,0,1,0,0,1
52.25,19.75,0,0,1,0,1,0,0,1
52.25,20.25,0,0,0,0,1,0,0,1
52.25,20.75,0,0,1,0,1,0,0,1
52.25,21.25,0,0,1,0,1,0,0,1
52.25,21.75,0,0,0,0,1,0,0,1
52.25,22.25,1,0,1,0,1,0,0,1
52.25,22.75,1,0,1,0,1,0,0,1
52.25,23.25,0,0,0,0,1,0,0,1
52.25,23.75,1,0,1,0,1,0,0,1
52.25,24.25,1,0,1,0,1,0,0,1
52.25,24.75,0,0,0,0,1,0,0,1
52.25,25.25,0,0,0,0,1,0,0,1
52.25,25.75,0,0,1,0,1,0,0,1
52.25,26.25,0,0,0,0,1,0,0,1
52.25,26.75,0,0,1,0,1,0,0,1
52.25,27.25,0,0,1,0,1,0,0,1
52.25,27.75,0,0,0,0,1,0,0,1
52.25,28.25,1,1,1,0,1,0,0,1
52.25,28.75,0,0,0,0,1,0,0,1
52.25,29.25,0,0,0,0,1,0,0,1
52.25,29.75,0,0,0,0,1,0,0,1
52.75,-9.75,0,0,0,0,0,0,0,0
52.75,-9.25,0,0,0,0,0,0,0,1
52.75,-8.75,0,0,0,0,0,0,0,1
52.75,-8.25,0,0,0,0,0,0,0,1
52.75,-7.75,0,0,0,0,0,0,0,1
52.75,-7.25,0,0,0,0,0,0,0,1
52.75,-6.75,0,0,0,0,0,0,0,1
52.75,-6.25,0,0,0,0,0,0,0,1
52.75,-4.75,0,0,0,1,0,0,0,0
52.75,-4.25,0,0,0,1,0,0,0,0
52.75,-3.75,0,0,0,1,0,0,0,1
52.75,-3.25,0,0,0,0,0,0,0,1
52.75,-2.75,0,0,0,0,0,0,0,1
52.75,-2.25,0,0,0,0,0,0,0,1
52.75,-1.75,0,0,0,0,0,0,0,1
52.75,-1.25,0,0,0,0,0,0,0,1
52.75,-0.75,0,0,0,0,0,0,0,1
52.75,-0.25,0,0,0,0,0,0,0,1
52.75,0.25,0,0,0,0,0,0,0,1
52.75,0.75,0,0,0,0,0,0,0,1
52.75,1.25,0,0,1,0,0,0,0,1
52.75,1.75,0,0,0,0,0,0,0,0
52.75,4.75,0,0,0,0,0,0,0,1
52.75,5.25,0,0,0,0,1,0,0,1
52.75,5.75,0,0,0,0,1,0,0,1
52.75,6.25,0,0,0,0,1,1,0,1
52.75,6.75,0,0,0,1,1,0,0,1
52.75,7.25,0,0,0,1,1,1,0,1
52.75,7.75,0,1,0,1,1,0,0,1
52.75,8.25,0,0,0,1,1,0,0,1
52.75,8.75,0,0,0,1,1,0,0,1
52.75,9.25,0,0,0,1,1,0,0,1
52.75,9.75,0,0,0,1,1,0,0,1
52.75,10.25,0,0,1,1,1,1,0,1
52.75,10.75,0,0,1,1,1,0,0,1
52.75,11.25,0,0,0,1,1,0,0,1
52.75,11.75,0,0,1,1,1,0,0,1
52.75,12.25,0,0,1,1,1,0,0,1
52.75,12.75,0,0,0,1,1,0,0,1
52.75,13.25,0,0,1,0,1,1,0,1
52.75,13.75,0,0,1,0,1,0,0,1
52.75,14.25,0,0,0,0,1,0,0,1
52.75,14.75,0,0,1,0,1,0,0,1
52.75,15.25,0,0,1,0,1,0,0,1
52.75,15.75,0,0,0,0,1,0,0,1
52.75,16.25,0,0,1,0,1,0,0,1
52.75,16.75,0,0,1,0,1,0,0,1
52.75,17.25,0,0,0,0,1,0,0,1
52.75,17.75,0,0,1,0,1,0,0,1
52.75,18.25,0,0,1,0,1,1,0,1
52.75,18.75,0,0,0,0,1,0,0,1
52.75,19.25,0,0,1,0,1,0,0,1
52.75,19.75,0,0,1,0,1,0,0,1
52.75,20.25,0,0,0,0,1,0,0,1
52.75,20.75,0,0,1,0,1,0,0,1
52.75,21.25,1,0,1,0,1,0,0,1
52.75,21.75,0,0,0,0,1,0,0,1
52.75,22.25,1,0,1,0,1,0,0,1
52.75,22.75,1,0,1,0,1,0,0,1
52.75,23.25,0,0,0,0,1,0,0,1
52.75,23.75,1,0,1,0,1,0,0,1
52.75,24.25,1,0,1,0,1,0,0,1
52.75,24.75,0,0,0,0,1,0,0,1
52.75,25.25,1,0,1,0,1,0,0,1
52.75,25.75,1,0,1,0,1,0,0,1
52.75,26.25,0,0,0,0,1,0,0,1
52.75,26.75,1,0,1,0,1,0,0,1
52.75,27.25,0,0,0,0,1,0,0,1
52.75,27.75,0,0,0,0,1,0,0,1
52.75,28.25,1,0,1,0,1,0,0,1
52.75,28.75,0,0,0,0,1,0,0,1
52.75,29.25,0,0,0,0,1,0,0,1
52.75,29.75,0,0,1,0,1,0,0,1
53.25,-10.25,0,0,0,0,0,0,0,0
53.25,-9.75,0,0,0,0,0,0,0,0
53.25,-9.25,0,0,0,0,0,0,0,1
53.25,-8.75,0,0,0,0,0,0,0,1
53.25,-8.25,0,0,0,0,0,0,0,1
53.25,-7.75,0,0,0,0,0,0,0,1
53.25,-7.25,0,0,0,0,0,0,0,1
53.25,-6.75,0,0,0,0,0,0,0,1
53.25,-6.25,0,0,0,0,0,0,0,1
53.25,-4.75,0,0,0,1,0,0,0,0
53.25,-4.25,0,0,0,1,0,0,0,1
53.25,-3.75,0,0,0,1,0,0,0,1
53.25,-3.25,0,0,0,1,0,0,0,1
53.25,-2.75,0,0,0,0,0,0,0,1
53.25,-2.25,0,0,0,0,0,0,0,1
53.25,-1.75,0,0,0,0,0,0,0,1
53.25,-1.25,0,0,0,0,0,0,0,1
53.25,-0.75,0,0,0,0,0,0,0,1
53.25,-0.25,0,0,0,0,0,0,0,1
53.25,0.25,0,0,0,0,0,0,0,1
53.25,4.75,0,0,0,0,0,1,0,0
53.25,5.25,0,0,0,0,0,0,0,0
53.25,5.75,0,0,0,0,0,0,0,1
53.25,6.25,0,0,0,0,0,0,0,1
53.25,6.75,0,0,0,0,0,0,0,1
53.25,7.25,0,0,0,1,0,0,0,1
53.25,7.75,0,0,0,1,1,0,0,1
53.25,8.25,0,0,0,1,1,1,0,1
53.25,8.75,0,0,1,1,1,0,0,1
53.25,9.25,0,1,1,1,1,0,0,1
53.25,9.75,0,0,0,1,1,0,0,1
53.25,10.25,0,0,1,1,1,1,0,1
53.25,10.75,0,1,1,1,1,1,0,1
53.25,11.25,0,0,0,1,1,1,0,1
53.25,11.75,0,0,1,1,1,0,0,1
53.25,12.25,0,0,1,1,1,0,0,1
53.25,12.75,0,0,0,1,1,1,0,1
53.25,13.25,0,0,1,0,1,0,0,1
53.25,13.75,0,0,1,0,1,0,0,1
53.25,14.25,0,0,0,0,1,0,0,1
53.25,14.75,0,0,1,0,1,0,0,1
53.25,15.25,1,0,1,0,1,0,0,1
53.25,15.75,0,0,0,0,1,0,0,1
53.25,16.25,0,0,1,0,1,0,0,1
53.25,16.75,0,0,1,0,1,0,0,1
53.25,17.25,0,0,0,0,1,0,0,1
53.25,17.75,1,0,1,0,1,0,0,1
53.25,18.25,1,0,1,0,1,0,0,1
53.25,18.75,0,0,0,0,1,0,0,1
53.25,19.25,1,0,1,0,1,0,0,1
53.25,19.75,1,0,1,0,1,0,0,1
53.25,20.25,0,0,0,0,1,0,0,1
53.25,20.75,1,0,1,0,1,0,0,1
53.25,21.25,1,0,1,0,1,0,0,1
53.25,21.75,0,0,0,0,1,0,0,1
53.25,22.25,1,0,1,0,1,0,0,1
53.25,22.75,1,0,1,0,1,0,0,1
53.25,23.25,0,0,0,0,1,0,0,1
53.25,23.75,1,0,1,0,1,0,0,1
53.25,24.25,0,0,0,0,1,0,0,1
53.25,24.75,0,0,0,0,1,0,0,1
53.25,25.25,0,0,0,0,1,0,0,1
53.25,25.75,0,0,1,0,1,0,0,1
53.25,26.25,0,0,0,0,1,0,0,1
53.25,26.75,1,0,1,0,1,0,0,1
53.25,27.25,0,0,1,0,1,0,0,1
53.25,27.75,0,0,0,0,1,0,0,1
53.25,28.25,0,0,1,0,1,0,0,1
53.25,28.75,0,0,0,0,1,0,0,1
53.25,29.25,0,0,0,0,1,0,0,1
53.25,29.75,0,0,0,0,1,0,0,1
53.75,-10.25,0,0,0,0,0,0,0,0
53.75,-9.75,0,0,0,0,0,0,0,1
53.75,-9.25,0,0,0,0,0,0,0,1
53.75,-8.75,0,0,0,0,0,0,0,1
53.75,-8.25,0,0,0,0,0,0,0,1
53.75,-7.75,0,0,0,0,0,0,0,1
53.75,-7.25,0,0,0,0,0,0,0,1
53.75,-6.75,0,0,0,0,0,0,0,1
53.75,-6.25,0,0,0,0,0,0,0,1
53.75,-3.25,0,0,0,0,0,0,0,0
53.75,-2.75,0,0,0,0,0,0,0,1
53.75,-2.25,0,0,0,0,0,0,0,1
53.75,-1.75,0,0,0,0,0,0,0,1
53.75,-1.25,0,0,0,0,0,0,0,1
53.75,-0.75,0,0,0,0,0,0,0,1
53.75,-0.25,0,0,0,0,0,0,0,1
53.75,0.25,0,0,0,0,0,0,0,0
53.75,7.25,0,0,0,0,0,0,0,0
53.75,7.75,0,0,0,0,1,0,0,0
53.75,8.25,0,0,0,1,1,0,0,0
53.75,8.75,0,0,0,1,1,0,0,1
53.75,9.25,0,0,0,1,1,0,0,1
53.75,9.75,0,0,0,1,1,0,0,1
53.75,10.25,0,0,1,1,1,0,0,1
53.75,10.75,0,0,1,1,1,1,0,1
53.75,11.25,0,0,0,1,1,0,0,1
53.75,11.75,0,1,1,1,1,0,0,1
53.75,12.25,0,1,1,1,1,1,0,1
53.75,12.75,0,0,0,1,1,0,0,1
53.75,13.25,0,0,1,1,1,0,0,1
53.75,13.75,0,0,1,1,1,0,0,1
53.75,14.25,0,0,0,1,1,0,0,0
53.75,14.75,1,0,1,0,1,0,0,1
53.75,15.25,0,0,1,0,1,0,0,1
53.75,15.75,0,0,0,0,1,0,0,1
53.75,16.25,1,0,1,0,1,0,0,1
53.75,16.75,0,0,1,0,1,0,0,1
53.75,17.25,0,0,0,0,1,0,0,1
53.75,17.75,1,0,1,0,1,0,0,1
53.75,18.25,1,0,1,0,1,0,0,1
53.75,18.75,0,0,0,0,1,0,0,1
53.75,19.25,1,0,1,0,1,0,0,1
53.75,19.75,1,0,1,0,1,0,0,1
53.75,20.25,0,0,0,0,1,0,0,1
53.75,20.75,1,0,1,0,1,0,0,1
53.75,21.25,0,0,1,0,1,0,0,1
53.75,21.75,0,0,0,0,1,0,0,1
53.75,22.25,1,0,1,0,1,0,0,1
53.75,22.75,1,0,1,0,1,0,0,1
53.75,23.25,0,0,0,0,1,0,0,1
53.75,23.75,1,0,1,0,1,0,0,1
53.75,24.25,1,0,1,0,1,1,0,1
53.75,24.75,0,0,0,0,1,0,0,1
53.75,25.25,0,0,0,0,1,0,0,1
53.75,25.75,0,0,1,0,1,0,0,1
53.75,26.25,0,0,0,0,1,0,0,1
53.75,26.75,1,0,1,0,1,0,0,1
53.75,27.25,1,0,0,0,1,0,0,1
53.75,27.75,0,0,0,0,1,0,0,1
53.75,28.25,1,0,1,0,1,0,0,1
53.75,28.75,0,0,0,0,1,0,0,1
53.75,29.25,0,0,0,0,1,0,0,1
53.75,29.75,0,0,0,0,1,0,0,1
54.25,-10.25,0,0,0,0,0,0,0,0
54.25,-9.75,0,0,0,0,0,0,0,1
54.25,-9.25,0,0,0,0,0,0,0,1
54.25,-8.75,0,0,0,0,0,0,0,1
54.25,-8.25,0,0,0,0,0,0,0,1
54.25,-7.75,0,0,0,0,0,0,0,1
54.25,-7.25,0,0,0,0,0,0,0,1
54.25,-6.75,0,0,0,0,0,0,0,1
54.25,-6.25,0,0,0,0,0,0,0,1
54.25,-5.75,0,0,0,0,0,0,0,1
54.25,-5.25,0,0,0,0,0,0,0,0
54.25,-4.75,0,0,0,0,0,0,0,0
54.25,-4.25,0,0,0,0,0,0,0,0
54.25,-3.75,0,0,0,0,0,0,0,0
54.25,-3.25,0,0,0,0,0,0,0,1
54.25,-2.75,0,0,0,0,0,0,0,1
54.25,-2.25,0,0,0,0,0,0,0,1
54.25,-1.75,0,0,0,0,0,0,0,1
54.25,-1.25,0,0,0,0,0,0,0,1
54.25,-0.75,0,0,0,0,0,0,0,1
54.25,-0.25,0,0,0,0,0,0,0,0
54.25,8.75,0,0,0,0,0,0,0,0
54.25,9.25,0,0,0,0,0,0,0,1
54.25,9.75,0,0,0,0,0,0,0,1
54.25,10.25,0,0,0,1,0,1,0,1
54.25,10.75,0,0,0,1,0,0,0,1
54.25,11.25,0,0,0,1,0,0,0,0
54.25,11.75,0,0,0,1,0,0,0,0
54.25,12.25,0,0,1,1,0,0,0,1
54.25,12.75,0,0,0,0,0,1,0,1
54.25,13.25,0,0,1,1,1,0,0,0
54.25,13.75,0,0,0,1,1,0,0,0
54.25,14.25,0,0,0,1,1,0,0,0
54.25,14.75,0,0,0,0,1,0,0,0
54.25,15.25,0,0,0,0,1,0,0,0
54.25,15.75,0,0,0,0,1,0,0,0
54.25,16.25,1,0,0,0,1,0,0,1
54.25,16.75,1,0,1,0,1,0,0,1
54.25,17.25,0,0,0,0,1,0,0,1
54.25,17.75,1,0,1,0,1,0,0,1
54.25,18.25,0,0,1,0,1,0,0,1
54.25,18.75,0,0,0,0,1,0,0,1
54.25,19.25,1,0,1,0,1,0,0,1
54.25,19.75,1,0,1,0,1,0,0,1
54.25,20.25,0,0,0,0,1,0,0,1
54.25,20.75,1,0,1,0,1,0,0,1
54.25,21.25,1,0,1,0,1,0,0,1
54.25,21.75,0,0,0,0,1,0,0,1
54.25,22.25,1,0,1,0,1,0,0,1
54.25,22.75,1,0,1,0,1,0,0,1
54.25,23.25,0,0,0,0,1,0,0,1
54.25,23.75,1,0,1,0,1,0,0,1
54.25,24.25,1,0,1,0,1,0,0,1
54.25,24.75,0,0,0,0,1,0,0,1
54.25,25.25,1,0,1,0,1,0,0,1
54.25,25.75,0,0,0,0,1,0,0,1
54.25,26.25,0,0,0,0,1,0,0,1
54.25,26.75,0,0,1,0,1,0,0,1
54.25,27.25,1,0,1,0,1,0,0,1
54.25,27.75,0,0,0,0,1,0,0,1
54.25,28.25,1,0,1,0,1,0,0,1
54.25,28.75,1,0,1,0,1,0,0,1
54.25,29.25,0,0,0,0,1,0,0,1
54.25,29.75,0,0,1,0,1,0,0,1
54.75,-8.75,0,0,0,0,0,0,0,0
54.75,-8.25,0,0,0,0,0,0,0,1
54.75,-7.75,0,0,0,0,0,0,0,1
54.75,-7.25,0,0,0,0,0,0,0,1
54.75,-6.75,0,0,0,0,0,0,0,1
54.75,-6.25,0,0,0,0,0,0,0,1
54.75,-5.75,0,0,0,0,0,0,0,1
54.75,-5.25,0,0,0,0,0,0,0,0
54.75,-4.75,0,0,0,0,0,0,0,0
54.75,-4.25,0,0,0,0,0,0,0,0
54.75,-3.75,0,0,0,0,0,0,0,0
54.75,-3.25,0,0,0,0,0,0,0,1
54.75,-2.75,0,0,0,0,0,0,0,1
54.75,-2.25,0,0,0,0,0,0,0,1
54.75,-1.75,0,0,0,0,0,0,0,1
54.75,-1.25,0,0,0,0,0,0,0,0
54.75,-0.75,0,0,0,0,0,0,0,0
54.75,8.25,0,0,0,0,0,0,0,0
54.75,8.75,0,0,0,0,0,0,0,1
54.75,9.25,1,0,0,0,0,0,0,1
54.75,9.75,0,0,0,0,0,0,0,1
54.75,10.25,1,0,0,0,0,0,0,0
54.75,10.75,0,0,0,0,0,0,0,0
54.75,11.25,0,0,0,0,0,0,0,1
54.75,11.75,1,0,0,0,0,0,0,1
54.75,12.25,1,0,0,0,0,0,0,0
54.75,12.75,0,0,0,0,0,0,0,0
54.75,13.25,0,0,0,0,0,0,0,0
54.75,13.75,0,0,0,0,0,0,0,0
54.75,16.75,0,0,0,0,1,0,0,0
54.75,17.25,0,0,0,0,1,0,0,0
54.75,17.75,1,1,1,0,1,0,0,1
54.75,18.25,1,1,1,0,1,0,0,1
54.75,18.75,0,0,0,0,1,0,0,0
54.75,19.75,1,0,0,0,1,0,0,0
54.75,20.25,0,0,0,0,1,0,0,1
54.75,20.75,1,0,1,0,1,0,0,1
54.75,21.25,0,0,1,0,1,0,0,1
54.75,21.75,0,0,0,0,1,0,0,1
54.75,22.25,1,0,1,0,1,0,0,1
54.75,22.75,1,0,1,0,1,0,0,1
54.75,23.25,0,0,0,0,1,0,0,1
54.75,23.75,1,0,1,0,1,0,0,1
54.75,24.25,0,0,0,0,1,0,0,1
54.75,24.75,0,0,0,0,1,0,0,1
54.75,25.25,1,0,0,0,1,0,0,1
54.75,25.75,0,0,1,0,1,0,0,1
54.75,26.25,0,0,0,0,1,0,0,1
54.75,26.75,0,0,1,0,1,0,0,1
54.75,27.25,1,0,1,0,1,0,0,1
54.75,27.75,0,0,0,0,1,0,0,1
54.75,28.25,0,0,1,0,1,0,0,1
54.75,28.75,0,0,1,0,1,0,0,1
54.75,29.25,0,0,0,0,1,0,0,1
54.75,29.75,0,0,1,0,1,0,0,1
55.25,-8.25,0,0,0,0,0,0,0,0
55.25,-7.75,0,0,0,0,0,0,0,0
55.25,-7.25,0,0,0,0,0,0,0,1
55.25,-6.75,0,0,0,0,0,0,0,0
55.25,-6.25,0,0,0,0,0,0,0,0
55.25,-5.75,0,0,0,0,0,0,0,0
55.25,-5.25,0,0,0,0,0,0,0,0
55.25,-4.75,0,0,0,0,0,0,0,1
55.25,-4.25,0,0,0,0,0,0,0,1
55.25,-3.75,0,0,0,0,0,0,0,1
55.25,-3.25,0,0,0,0,0,0,0,1
55.25,-2.75,0,0,0,0,0,0,0,1
55.25,-2.25,0,0,0,0,0,0,0,1
55.25,-1.75,0,0,0,0,0,0,0,1
55.25,-1.25,0,0,0,0,0,0,0,0
55.25,8.25,0,0,0,0,0,0,0,0
55.25,8.75,1,0,0,0,0,0,0,1
55.25,9.25,1,1,0,0,0,0,0,1
55.25,9.75,0,0,0,0,0,0,0,0
55.25,10.25,0,0,0,0,0,0,0,1
55.25,10.75,0,0,0,0,0,0,0,1
55.25,11.25,0,0,0,0,0,0,0,1
55.25,11.75,1,0,0,0,0,0,0,1
55.25,12.25,1,0,0,0,0,0,0,1
55.25,12.75,0,0,0,0,0,0,0,0
55.25,13.25,0,0,0,0,0,0,0,0
55.25,13.75,0,0,0,0,0,1,0,0
55.25,14.25,0,0,0,0,0,1,0,0
55.25,14.75,0,0,0,0,0,0,0,1
55.25,15.25,0,0,0,0,0,0,0,0
55.25,20.75,1,0,0,0,1,0,0,0
55.25,21.25,1,0,1,0,1,0,0,1
55.25,21.75,0,0,0,0,1,0,0,1
55.25,22.25,1,0,1,0,1,0,0,1
55.25,22.75,1,0,0,0,1,0,0,1
55.25,23.25,0,0,0,0,1,0,0,1
55.25,23.75,1,0,0,0,1,0,0,1
55.25,24.25,0,0,1,0,1,0,0,1
55.25,24.75,0,0,0,0,1,0,0,1
55.25,25.25,1,0,1,0,1,0,0,1
55.25,25.75,1,0,1,0,1,0,0,1
55.25,26.25,0,0,0,0,1,0,0,1
55.25,26.75,1,0,1,0,1,0,0,1
55.25,27.25,0,0,1,0,1,0,0,1
55.25,27.75,0,0,0,0,1,0,0,1
55.25,28.25,1,0,1,0,1,0,0,1
55.25,28.75,0,0,1,0,1,0,0,1
55.25,29.25,0,0,0,0,1,0,0,1
55.25,29.75,1,0,1,0,1,0,0,1
55.75,-6.25,0,0,0,0,0,0,0,1
55.75,-5.75,0,0,0,0,0,0,0,0
55.75,-5.25,0,0,0,0,0,0,0,0
55.75,-4.75,0,0,0,0,0,0,0,1
55.75,-4.25,0,0,0,0,0,0,0,1
55.75,-3.75,0,0,0,0,0,0,0,1
55.75,-3.25,0,0,0,0,0,0,0,1
55.75,-2.75,0,0,0,0,0,0,0,1
55.75,-2.25,0,0,0,0,0,0,0,1
55.75,-1.75,0,0,0,0,0,0,0,0
55.75,8.25,0,0,0,0,1,0,0,1
55.75,8.75,1,0,0,0,1,0,0,1
55.75,9.25,1,0,0,0,1,0,0,1
55.75,9.75,0,0,0,0,1,0,0,1
55.75,10.25,1,0,0,0,1,0,0,0
55.75,10.75,0,0,0,0,0,0,0,0
55.75,11.25,0,0,0,0,0,0,0,0
55.75,11.75,1,0,0,0,0,0,0,0
55.75,12.25,1,0,0,0,0,0,0,1
55.75,12.75,0,0,0,0,0,0,0,0
55.75,13.25,0,0,0,0,0,0,0,1
55.75,13.75,0,0,0,0,0,1,0,1
55.75,14.25,1,0,1,0,0,0,0,0
55.75,21.25,0,0,1,0,1,0,0,1
55.75,21.75,0,0,0,0,1,0,0,1
55.75,22.25,1,0,1,0,1,0,0,1
55.75,22.75,1,0,1,0,1,0,0,1
55.75,23.25,0,0,0,0,1,0,0,1
55.75,23.75,0,0,0,0,1,0,0,1
55.75,24.25,0,0,0,0,1,0,0,1
55.75,24.75,0,0,0,0,1,0,0,1
55.75,25.25,1,0,1,0,1,0,0,1
55.75,25.75,1,0,0,0,1,0,0,1
55.75,26.25,0,0,0,0,1,0,0,1
55.75,26.75,1,0,1,0,1,0,0,1
55.75,27.25,1,0,1,0,1,0,0,1
55.75,27.75,0,0,0,0,1,0,0,1
55.75,28.25,1,0,1,0,1,0,0,1
55.75,28.75,0,0,1,0,1,0,0,1
55.75,29.25,0,0,0,0,1,0,0,1
55.75,29.75,1,0,1,0,1,0,0,1
56.25,-6.75,0,0,0,0,0,0,0,0
56.25,-6.25,0,0,0,0,0,0,0,0
56.25,-5.75,0,0,0,0,0,0,0,0
56.25,-5.25,0,0,0,0,0,0,0,1
56.25,-4.75,0,0,0,0,0,0,0,1
56.25,-4.25,0,0,0,0,0,0,0,1
56.25,-3.75,0,0,0,0,0,0,0,1
56.25,-3.25,0,0,0,0,0,0,0,1
56.25,-2.75,0,0,0,0,0,0,0,1
56.25,8.25,0,0,0,0,1,0,0,1
56.25,8.75,0,0,0,0,1,0,0,1
56.25,9.25,0,0,0,0,1,0,0,1
56.25,9.75,0,0,0,0,1,0,0,1
56.25,10.25,0,0,0,0,1,0,0,1
56.25,10.75,0,0,0,0,1,0,0,1
56.25,12.25,0,0,0,0,0,0,0,0
56.25,12.75,0,0,0,0,0,0,0,0
56.25,13.25,0,0,0,0,0,0,0,1
56.25,13.75,1,0,1,0,0,0,0,1
56.25,14.25,0,0,0,0,0,0,0,1
56.25,14.75,1,0,1,0,0,0,0,1
56.25,15.25,0,0,0,0,0,0,0,1
56.25,15.75,1,0,1,0,0,0,0,1
56.25,16.25,0,0,0,0,0,0,0,0
56.25,16.75,0,0,0,0,0,0,0,0
56.25,20.75,0,0,0,0,1,0,0,0
56.25,21.25,1,0,1,0,1,0,0,1
56.25,21.75,0,0,0,0,1,0,0,1
56.25,22.25,1,0,1,0,1,0,0,1
56.25,22.75,0,0,0,0,1,0,0,1
56.25,23.25,1,0,1,0,1,0,0,1
56.25,23.75,1,0,0,0,1,0,0,1
56.25,24.25,1,0,1,0,1,0,0,1
56.25,24.75,1,0,1,0,1,0,0,1
56.25,25.25,0,0,0,0,1,0,0,1
56.25,25.75,1,0,1,0,1,0,0,1
56.25,26.25,0,0,0,0,1,0,0,1
56.25,26.75,1,0,1,0,1,0,0,1
56.25,27.25,1,0,0,0,1,0,0,1
56.25,27.75,0,0,0,0,1,0,0,1
56.25,28.25,1,0,1,0,1,0,0,1
56.25,28.75,0,0,0,0,1,0,0,1
56.25,29.25,0,0,1,0,1,0,0,1
56.25,29.75,0,0,0,0,1,0,0,1
56.75,-7.75,0,0,0,0,0,0,0,0
56.75,-6.75,0,0,0,0,0,0,0,0
56.75,-6.25,0,0,0,0,0,0,0,0
56.75,-5.75,0,0,0,0,0,0,0,1
56.75,-5.25,0,0,0,0,0,0,0,1
56.75,-4.75,0,0,0,0,0,0,0,1
56.75,-4.25,0,0,0,0,0,0,0,1
56.75,-3.75,0,0,0,0,0,0,0,1
56.75,-3.25,0,0,0,0,0,0,0,1
56.75,-2.75,0,0,0,0,0,0,0,1
56.75,-2.25,0,0,0,0,0,0,0,0
56.75,8.25,0,0,0,0,1,0,0,0
56.75,8.75,0,0,1,0,1,0,0,1
56.75,9.25,0,0,0,0,1,0,0,1
56.75,9.75,0,0,0,0,1,0,0,1
56.75,10.25,0,1,0,0,1,0,0,1
56.75,10.75,0,0,0,0,1,0,0,0
56.75,12.25,0,0,0,0,0,0,0,0
56.75,12.75,0,0,1,0,0,0,0,1
56.75,13.25,0,0,0,0,0,0,0,1
56.75,13.75,0,0,1,0,0,0,0,1
56.75,14.25,0,0,0,0,0,0,0,1
56.75,14.75,1,0,1,0,0,0,0,1
56.75,15.25,1,0,1,0,0,0,0,1
56.75,15.75,0,0,0,0,0,0,0,1
56.75,16.25,0,0,0,0,0,0,0,1
56.75,16.75,1,0,0,0,0,0,0,1
56.75,18.25,0,0,0,0,0,0,0,0
56.75,21.25,1,0,1,0,1,0,0,1
56.75,21.75,0,0,0,0,1,0,0,1
56.75,22.25,1,0,1,0,1,0,0,1
56.75,22.75,0,0,0,0,1,0,0,1
56.75,23.25,1,0,1,0,1,0,0,1
56.75,23.75,1,0,1,0,1,0,0,1
56.75,24.25,1,0,1,0,1,0,0,1
56.75,24.75,1,0,1,0,1,0,0,1
56.75,25.25,0,0,0,0,1,0,0,1
56.75,25.75,1,0,1,0,1,0,0,1
56.75,26.25,0,0,0,0,1,0,0,1
56.75,26.75,1,0,1,0,1,0,0,1
56.75,27.25,1,0,1,0,1,0,0,1
56.75,27.75,0,0,0,0,1,0,0,1
56.75,28.25,0,0,1,0,1,0,0,1
56.75,28.75,0,0,0,0,1,0,0,1
56.75,29.25,0,0,0,0,1,0,0,1
56.75,29.75,0,0,0,0,1,0,0,1
57.25,-7.25,0,0,0,0,0,0,0,0
57.25,-6.75,0,0,0,0,0,0,0,0
57.25,-6.25,0,0,0,0,0,0,0,1
57.25,-5.75,0,0,0,0,0,0,0,1
57.25,-5.25,0,0,0,0,0,0,0,1
57.25,-4.75,0,0,0,0,0,0,0,1
57.25,-4.25,0,0,0,0,0,0,0,1
57.25,-3.75,0,0,0,0,0,0,0,1
57.25,-3.25,0,0,0,0,0,0,0,1
57.25,-2.75,0,0,0,0,0,0,0,1
57.25,-2.25,0,0,0,0,0,0,0,1
57.25,-1.75,0,0,0,0,0,0,0,0
57.25,8.75,0,0,0,0,1,0,0,0
57.25,9.25,0,0,1,0,1,0,0,0
57.25,9.75,0,0,0,0,1,0,0,1
57.25,10.25,0,0,1,0,0,0,0,1
57.25,10.75,0,0,0,0,0,0,0,0
57.25,11.25,0,0,0,0,0,0,0,0
57.25,11.75,0,0,0,0,0,0,0,0
57.25,12.25,1,0,0,0,0,0,0,1
57.25,12.75,1,0,1,0,0,0,0,1
57.25,13.25,0,0,0,0,0,0,0,1
57.25,13.75,1,0,1,0,0,0,0,1
57.25,14.25,0,0,0,0,0,0,0,1
57.25,14.75,1,0,1,0,0,0,0,1
57.25,15.25,1,0,1,0,0,0,0,1
57.25,15.75,0,0,0,0,0,0,0,1
57.25,16.25,0,0,1,0,0,0,0,1
57.25,16.75,0,0,0,0,0,0,0,0
57.25,17.25,0,0,0,0,0,0,0,0
57.25,18.25,0,0,1,0,0,1,0,1
57.25,18.75,0,0,0,0,0,0,0,0
57.25,21.25,1,0,1,0,1,0,0,0
57.25,21.75,0,0,0,0,1,0,0,1
57.25,22.25,1,0,1,0,1,0,0,1
57.25,22.75,0,0,0,0,1,0,0,1
57.25,23.25,1,0,1,0,1,0,0,0
57.25,24.25,1,0,1,0,1,0,0,0
57.25,24.75,1,0,1,0,1,0,0,1
57.25,25.25,0,0,0,0,1,0,0,1
57.25,25.75,1,0,1,0,1,0,0,1
57.25,26.25,0,0,0,0,1,0,0,1
57.25,26.75,0,0,1,0,1,0,0,1
57.25,27.25,1,0,1,0,1,0,0,1
57.25,27.75,0,0,0,0,1,0,0,1
57.25,28.25,0,0,0,0,1,0,0,1
57.25,28.75,0,0,0,0,1,0,0,1
57.25,29.25,0,0,0,0,1,0,0,1
57.25,29.75,0,0,0,0,1,0,0,1
57.75,-7.25,0,0,0,0,0,0,0,0
57.75,-6.75,0,0,0,0,0,0,0,0
57.75,-6.25,0,0,0,0,0,0,0,0
57.75,-5.75,0,0,0,0,0,0,0,0
57.75,-5.25,0,0,0,0,0,0,0,1
57.75,-4.75,0,0,0,0,0,0,0,1
57.75,-4.25,0,0,0,0,0,0,0,1
57.75,-3.75,0,0,0,0,0,0,0,0
57.75,-3.25,0,0,0,0,0,0,0,0
57.75,-2.75,0,0,0,0,0,0,0,0
57.75,-2.25,0,0,0,0,0,0,0,0
57.75,-1.75,0,0,0,0,0,0,0,0
57.75,9.75,0,0,0,0,1,0,0,0
57.75,10.25,0,0,1,0,0,0,0,0
57.75,10.75,0,0,0,0,0,0,0,0
57.75,11.75,1,0,0,0,0,0,0,1
57.75,12.25,0,0,0,0,0,0,0,1
57.75,12.75,1,0,1,0,0,0,0,1
57.75,13.25,0,0,0,0,0,0,0,1
57.75,13.75,1,0,1,0,0,0,0,1
57.75,14.25,0,0,0,0,0,0,0,1
57.75,14.75,1,0,1,0,0,0,0,1
57.75,15.25,1,0,1,0,0,0,0,1
57.75,15.75,0,0,0,0,0,0,0,1
57.75,16.25,1,0,1,0,0,0,0,1
57.75,16.75,1,0,1,0,0,0,0,0
57.75,18.25,0,0,0,0,0,0,0,0
57.75,18.75,1,0,1,0,0,0,0,1
57.75,19.25,0,0,0,0,0,0,0,0
57.75,21.75,0,0,0,0,1,0,0,0
57.75,22.25,1,0,1,0,1,0,0,0
57.75,22.75,0,0,0,0,1,0,0,0
57.75,24.25,1,0,0,0,1,0,0,0
57.75,24.75,0,0,1,0,1,0,0,1
57.75,25.25,0,0,0,0,1,0,0,1
57.75,25.75,1,0,1,0,1,0,0,1
57.75,26.25,0,0,0,0,1,0,0,1
57.75,26.75,1,0,1,0,1,0,0,1
57.75,27.25,1,0,1,0,1,0,0,1
57.75,27.75,0,0,0,0,1,0,0,1
57.75,28.25,0,0,0,0,1,0,0,1
57.75,28.75,0,0,0,0,1,0,0,1
57.75,29.25,0,0,0,0,1,0,0,1
57.75,29.75,0,0,0,0,1,0,0,1
58.25,-7.25,0,0,0,0,0,0,0,0
58.25,-6.75,0,0,0,0,0,0,0,1
58.25,-6.25,0,0,0,0,0,0,0,0
58.25,-5.25,0,0,0,0,0,0,0,1
58.25,-4.75,0,0,0,0,0,0,0,1
58.25,-4.25,0,0,0,0,0,0,0,1
58.25,-3.75,0,0,0,0,0,0,0,1
58.25,-3.25,0,0,0,0,0,0,0,0
58.25,5.75,0,0,0,0,0,0,0,0
58.25,6.25,1,0,0,0,0,0,0,0
58.25,6.75,1,0,0,0,0,0,0,1
58.25,7.25,0,0,0,0,0,0,0,1
58.25,7.75,0,0,0,0,0,0,0,1
58.25,8.25,0,0,0,0,0,0,0,1
58.25,8.75,0,0,0,0,0,0,0,0
58.25,11.25,0,0,0,0,0,0,0,0
58.25,11.75,1,0,1,0,0,0,0,1
58.25,12.25,0,0,0,0,0,0,0,1
58.25,12.75,0,0,1,0,0,0,0,1
58.25,13.25,0,0,0,0,0,0,0,1
58.25,13.75,1,0,1,0,0,0,0,1
58.25,14.25,0,0,0,0,0,0,0,1
58.25,14.75,1,0,1,0,0,0,0,1
58.25,15.25,1,0,1,0,0,0,0,1
58.25,15.75,0,0,0,0,0,0,0,1
58.25,16.25,0,0,0,0,0,0,0,1
58.25,16.75,1,0,1,0,0,0,0,0
58.25,19.25,0,0,0,0,0,0,0,0
58.25,21.75,0,0,0,0,1,0,0,0
58.25,22.25,1,0,1,0,1,0,0,1
58.25,22.75,0,0,0,0,1,0,0,0
58.25,23.25,1,0,1,0,1,0,0,0
58.25,23.75,0,0,0,0,1,0,0,0
58.25,24.25,1,0,1,0,1,0,0,0
58.25,24.75,1,0,1,0,1,1,0,1
58.25,25.25,0,0,0,0,1,0,0,1
58.25,25.75,0,0,1,0,1,0,0,1
58.25,26.25,0,0,0,0,1,0,0,1
58.25,26.75,0,0,1,0,1,0,0,1
58.25,27.25,1,0,1,0,1,0,0,1
58.25,27.75,0,0,0,0,1,0,0,1
58.25,28.25,0,0,0,0,1,0,0,1
58.25,28.75,0,0,0,0,1,0,0,1
58.25,29.25,0,0,0,0,1,0,0,1
58.25,29.75,0,0,0,0,1,0,0,1
58.75,-5.25,0,0,0,0,0,0,0,0
58.75,-4.75,0,0,0,0,0,0,0,0
58.75,-4.25,0,0,0,0,0,0,0,0
58.75,-3.75,0,0,0,0,0,0,0,0
58.75,-3.25,0,0,0,0,0,0,0,0
58.75,-2.75,0,0,0,0,0,0,0,0
58.75,5.75,1,0,1,0,0,0,0,1
58.75,6.25,0,0,0,0,0,0,0,1
58.75,6.75,0,0,0,0,0,0,0,0
58.75,7.25,0,0,0,0,0,0,0,1
58.75,7.75,1,0,0,0,0,0,0,1
58.75,8.25,0,0,0,0,0,0,0,1
58.75,8.75,1,0,1,0,0,0,0,1
58.75,9.25,1,0,0,0,0,0,0,1
58.75,9.75,0,0,0,0,0,0,0,0
58.75,11.25,1,0,1,0,0,0,0,1
58.75,11.75,0,0,0,0,0,0,0,1
58.75,12.25,1,0,1,0,0,0,0,1
58.75,12.75,1,0,1,0,0,0,0,1
58.75,13.25,0,0,0,0,0,0,0,1
58.75,13.75,0,0,1,0,0,0,0,1
58.75,14.25,0,0,0,0,0,0,0,1
58.75,14.75,0,0,1,0,0,0,0,1
58.75,15.25,0,0,1,0,0,0,0,1
58.75,15.75,0,0,0,0,0,0,0,1
58.75,16.25,1,0,1,0,0,0,0,1
58.75,16.75,0,0,0,0,0,0,0,1
58.75,17.25,0,0,1,0,0,0,0,0
58.75,17.75,0,0,0,0,0,0,0,0
58.75,18.25,0,0,1,0,0,0,0,0
58.75,22.25,1,0,1,0,1,0,0,0
58.75,22.75,0,0,0,0,1,0,0,0
58.75,23.25,1,0,1,0,1,0,0,0
58.75,23.75,0,0,0,0,1,0,0,1
58.75,24.25,1,0,1,0,1,0,0,1
58.75,24.75,1,0,1,0,1,0,0,1
58.75,25.25,0,0,0,0,1,0,0,1
58.75,25.75,1,0,1,0,1,0,0,1
58.75,26.25,0,0,0,0,1,0,0,1
58.75,26.75,1,0,1,0,1,0,0,1
58.75,27.25,1,0,1,0,1,0,0,1
58.75,27.75,0,0,0,0,1,0,0,1
58.75,28.25,0,0,0,0,1,0,0,1
58.75,28.75,0,0,0,0,1,0,0,1
58.75,29.25,0,0,0,0,1,0,0,1
58.75,29.75,0,0,0,0,1,0,0,1
59.25,-3.25,0,0,0,0,0,0,0,0
59.25,-2.75,0,0,0,0,0,0,0,0
59.25,-2.25,0,0,0,0,0,0,0,0
59.25,5.25,0,0,0,0,0,0,0,1
59.25,5.75,1,0,0,0,0,0,0,0
59.25,6.25,0,0,0,0,0,0,0,1
59.25,6.75,0,0,0,0,0,0,0,1
59.25,7.25,0,0,0,0,0,0,0,0
59.25,7.75,1,0,0,0,0,0,0,1
59.25,8.25,0,0,0,0,0,0,0,1
59.25,8.75,0,0,0,0,0,0,0,1
59.25,9.25,1,0,1,0,0,0,0,1
59.25,9.75,0,0,0,0,0,0,0,1
59.25,10.25,0,0,0,0,0,0,0,1
59.25,10.75,0,0,0,0,0,0,0,0
59.25,11.25,1,0,1,0,0,0,0,1
59.25,11.75,0,0,0,0,0,0,0,1
59.25,12.25,0,0,1,0,0,0,0,1
59.25,12.75,1,0,1,0,0,0,0,1
59.25,13.25,0,0,0,0,0,0,0,1
59.25,13.75,0,0,1,0,0,0,0,1
59.25,14.25,0,0,0,0,0,0,0,1
59.25,14.75,1,0,1,0,0,0,0,1
59.25,15.25,0,0,1,0,0,0,0,1
59.25,15.75,0,0,0,0,0,0,0,1
59.25,16.25,1,0,1,0,0,0,0,1
59.25,16.75,0,0,0,0,0,0,0,1
59.25,17.25,1,0,1,0,0,0,0,1
59.25,17.75,0,0,0,0,0,0,0,1
59.25,18.25,1,0,1,0,0,0,0,1
59.25,18.75,0,0,0,0,0,0,0,0
59.25,22.75,0,0,0,0,0,0,0,0
59.25,23.25,1,0,0,0,1,0,0,0
59.25,23.75,0,0,0,0,1,0,0,1
59.25,24.25,1,0,1,0,1,0,0,1
59.25,24.75,1,0,1,0,1,0,0,1
59.25,25.25,0,0,0,0,1,0,0,1
59.25,25.75,1,0,1,0,1,0,0,1
59.25,26.25,0,0,0,0,1,0,0,1
59.25,26.75,0,0,1,0,1,0,0,1
59.25,27.25,1,0,1,0,1,0,0,1
59.25,27.75,0,0,0,0,1,0,0,1
59.25,28.25,1,0,1,0,1,0,0,1
59.25,28.75,0,0,0,0,1,0,0,1
59.25,29.25,0,0,0,0,1,0,0,1
59.25,29.75,0,0,0,0,1,0,0,1
59.75,-1.75,0,0,0,0,0,0,0,0
59.75,-1.25,0,0,0,0,0,0,0,0
59.75,5.25,1,0,0,0,0,0,0,1
59.75,5.75,0,0,0,0,0,0,0,0
59.75,6.25,0,0,0,0,0,0,0,1
59.75,6.75,1,0,0,0,0,0,0,1
59.75,7.25,0,0,0,0,0,0,0,0
59.75,7.75,0,0,1,0,0,0,0,0
59.75,8.25,0,0,0,0,0,0,0,0
59.75,8.75,1,0,1,0,0,0,0,1
59.75,9.25,0,0,1,0,0,0,0,1
59.75,9.75,0,0,0,0,0,0,0,1
59.75,10.25,0,0,1,0,0,0,0,1
59.75,10.75,0,0,0,0,0,0,0,1
59.75,11.25,1,0,1,0,0,0,0,1
59.75,11.75,0,0,0,0,0,0,0,0
59.75,12.25,0,0,0,0,0,0,0,0
59.75,12.75,1,0,1,0,0,0,0,1
59.75,13.25,0,0,0,0,0,0,0,1
59.75,13.75,1,0,1,0,0,0,0,1
59.75,14.25,0,0,0,0,0,0,0,1
59.75,14.75,0,0,1,0,0,0,0,1
59.75,15.25,1,0,1,0,0,0,0,1
59.75,15.75,0,0,0,0,0,0,0,1
59.75,16.25,1,0,1,0,0,0,0,1
59.75,16.75,0,0,0,0,0,0,0,1
59.75,17.25,1,0,1,0,0,0,0,1
59.75,17.75,0,0,0,0,0,0,0,1
59.75,18.25,0,0,0,0,0,0,0,1
59.75,18.75,1,0,1,0,0,0,0,1
59.75,20.75,0,0,0,0,0,0,0,0
59.75,22.75,0,0,0,0,0,0,0,0
59.75,23.25,1,0,1,0,1,0,0,0
59.75,23.75,0,0,0,0,1,0,0,0
59.75,24.75,0,0,0,0,1,0,0,0
59.75,25.25,0,0,0,0,1,0,0,0
59.75,25.75,1,0,0,0,1,0,0,0
59.75,26.25,0,0,0,0,1,0,0,0
59.75,26.75,0,0,0,0,1,0,0,0
59.75,28.25,0,0,0,0,1,0,0,0
59.75,28.75,0,0,0,0,1,0,0,1
59.75,29.25,0,0,0,0,1,0,0,1
59.75,29.75,0,0,0,0,1,0,0,1
60.25,-1.75,0,0,0,0,0,0,0,0
60.25,-1.25,0,0,0,0,0,0,0,1
60.25,-0.75,0,0,0,0,0,0,0,0
60.25,4.75,0,0,0,0,0,0,0,0
60.25,5.25,1,0,0,0,0,0,0,1
60.25,5.75,0,0,0,0,0,0,0,1
60.25,6.25,0,0,0,0,0,0,0,1
60.25,6.75,1,0,0,0,0,0,0,1
60.25,7.25,0,0,0,0,0,0,0,0
60.25,7.75,0,0,1,0,0,0,0,0
60.25,8.25,0,0,0,0,0,0,0,0
60.25,8.75,0,0,1,0,0,0,0,0
60.25,9.25,0,0,1,0,0,0,0,1
60.25,9.75,0,0,0,0,0,0,0,1
60.25,10.25,1,0,1,0,0,0,0,1
60.25,10.75,0,0,0,0,0,0,0,1
60.25,11.25,1,0,1,0,0,0,0,1
60.25,11.75,0,0,0,0,0,0,0,0
60.25,12.25,0,0,0,0,0,0,0,0
60.25,12.75,0,0,1,0,0,0,0,0
60.25,13.25,0,0,0,0,0,0,0,1
60.25,13.75,0,0,1,0,0,0,0,0
60.25,14.25,0,0,0,0,0,0,0,0
60.25,14.75,0,0,1,0,0,0,0,1
60.25,15.25,0,0,1,0,0,0,0,1
60.25,15.75,0,0,0,0,0,0,0,1
60.25,16.25,1,0,1,0,0,0,0,1
60.25,16.75,0,0,0,0,0,0,0,1
60.25,17.25,1,0,1,0,0,0,0,1
60.25,17.75,0,0,0,0,0,0,0,1
60.25,18.25,0,0,0,0,0,0,0,1
60.25,18.75,1,0,1,0,0,0,0,0
60.25,19.75,1,0,1,0,0,0,0,0
60.25,20.25,0,0,0,0,0,0,0,0
60.25,20.75,1,0,1,0,0,0,0,0
60.25,21.25,1,0,1,0,0,0,0,0
60.25,21.75,0,0,0,0,0,0,0,0
60.25,22.25,0,0,1,0,0,0,0,1
60.25,22.75,0,0,0,0,0,0,0,1
60.25,23.25,1,0,1,0,1,0,0,1
60.25,23.75,0,0,0,0,1,0,0,1
60.25,24.25,0,0,0,0,1,0,0,1
60.25,24.75,1,0,1,0,1,0,0,1
60.25,25.25,0,0,0,0,1,0,0,1
60.25,25.75,0,0,1,0,1,0,0,0
60.25,26.25,0,0,0,0,1,0,0,0
60.25,26.75,0,0,0,0,1,0,0,0
60.25,27.25,0,0,0,0,1,0,0,0
60.25,28.75,0,0,0,0,1,0,0,0
60.25,29.25,0,0,0,0,1,0,0,0
60.25,29.75,0,0,0,0,1,0,0,0
60.75,-1.75,0,0,0,0,0,0,0,0
60.75,-1.25,0,0,0,0,0,0,0,0
60.75,-0.75,0,0,0,0,0,0,0,0
60.75,4.75,0,0,0,0,0,0,0,0
60.75,5.25,0,0,0,0,0,0,0,1
60.75,5.75,0,0,0,0,0,0,0,1
60.75,6.25,0,0,0,0,0,0,0,1
60.75,6.75,1,0,0,0,0,0,0,1
60.75,7.25,0,0,0,0,0,0,0,1
60.75,7.75,0,0,1,0,0,0,0,0
60.75,8.25,0,0,0,0,0,0,0,0
60.75,8.75,0,0,1,0,0,0,0,0
60.75,9.25,0,0,1,0,0,0,0,0
60.75,9.75,0,0,0,0,0,0,0,1
60.75,10.25,1,0,1,0,0,0,0,1
60.75,10.75,0,0,0,0,0,0,0,1
60.75,11.25,1,0,1,0,0,0,0,1
60.75,11.75,0,0,0,0,0,0,0,0
60.75,12.25,0,0,0,0,0,0,0,0
60.75,12.75,0,0,1,0,0,0,0,0
60.75,13.25,0,0,0,0,0,0,0,0
60.75,13.75,0,0,1,0,0,0,0,0
60.75,14.25,0,0,0,0,0,0,0,0
60.75,14.75,0,0,1,0,0,0,0,0
60.75,15.25,0,0,1,0,0,0,0,1
60.75,15.75,0,0,0,0,0,0,0,1
60.75,16.25,0,0,1,0,0,0,0,1
60.75,16.75,0,0,0,0,0,0,0,1
60.75,17.25,0,0,1,0,0,0,0,1
60.75,17.75,0,0,0,0,0,0,0,0
60.75,21.25,1,0,1,0,0,0,0,0
60.75,21.75,0,0,0,0,0,0,0,1
60.75,22.25,0,0,1,0,0,0,0,1
60.75,22.75,0,0,0,0,0,0,0,1
60.75,23.25,1,0,1,0,1,0,0,1
60.75,23.75,0,0,0,0,1,0,0,1
60.75,24.25,0,0,0,0,1,0,0,1
60.75,24.75,1,0,1,0,1,0,0,1
60.75,25.25,0,0,0,0,1,0,0,1
60.75,25.75,1,0,1,0,1,0,0,1
60.75,26.25,0,0,0,0,1,0,0,1
60.75,26.75,1,0,1,0,1,0,0,1
60.75,27.25,0,0,1,0,1,0,0,0
60.75,27.75,0,0,0,0,1,0,0,0
60.75,28.25,0,0,1,0,1,0,0,1
60.75,28.75,0,0,0,0,1,0,0,1
60.75,29.25,0,0,0,0,1,0,0,1
60.75,29.75,0,0,0,0,1,0,0,1
61.25,4.75,0,0,0,0,0,0,0,0
61.25,5.25,0,0,0,0,0,0,0,1
61.25,5.75,0,0,0,0,0,0,0,1
61.25,6.25,0,0,0,0,0,0,0,1
61.25,6.75,1,0,0,0,0,0,0,1
61.25,7.25,0,0,0,0,0,0,0,1
61.25,7.75,1,0,0,0,0,0,0,1
61.25,8.25,0,0,0,0,0,0,0,0
61.25,8.75,0,0,1,0,0,0,0,0
61.25,9.25,0,0,1,0,0,0,0,0
61.25,9.75,0,0,0,0,0,0,0,1
61.25,10.25,0,0,1,0,0,0,0,1
61.25,10.75,0,0,0,0,0,0,0,1
61.25,11.25,0,0,1,0,0,0,0,0
61.25,11.75,0,0,0,0,0,0,0,0
61.25,12.25,0,0,0,0,0,0,0,0
61.25,12.75,0,0,1,0,0,0,0,0
61.25,13.25,0,0,0,0,0,0,0,0
61.25,13.75,0,0,1,0,0,0,0,0
61.25,14.25,0,0,0,0,0,0,0,0
61.25,14.75,0,0,1,0,0,0,0,0
61.25,15.25,0,0,1,0,0,0,0,0
61.25,15.75,0,0,0,0,0,0,0,0
61.25,16.25,0,0,1,0,0,0,0,0
61.25,16.75,0,0,0,0,0,0,0,1
61.25,17.25,0,0,0,0,0,0,0,0
61.25,21.25,1,0,1,0,0,0,0,0
61.25,21.75,0,0,0,0,0,0,0,1
61.25,22.25,1,1,1,0,0,0,0,1
61.25,22.75,0,0,0,0,0,0,0,1
61.25,23.25,1,0,1,0,0,0,0,1
61.25,23.75,0,0,0,0,1,0,0,1
61.25,24.25,0,0,0,0,1,0,0,1
61.25,24.75,1,0,1,0,1,0,0,1
61.25,25.25,0,0,0,0,1,0,0,1
61.25,25.75,0,0,1,0,1,0,0,1
61.25,26.25,0,0,0,0,1,0,0,1
61.25,26.75,0,0,1,0,1,0,0,0
61.25,27.25,0,0,1,0,1,0,0,0
61.25,27.75,0,0,0,0,1,0,0,0
61.25,28.25,1,0,1,0,1,0,0,1
61.25,28.75,0,0,0,0,1,0,0,1
61.25,29.25,0,0,0,0,1,0,0,1
61.25,29.75,0,0,0,0,1,0,0,1
61.75,4.75,0,0,0,0,0,0,0,0
61.75,5.25,0,0,0,0,0,0,0,1
61.75,5.75,0,0,0,0,0,0,0,1
61.75,6.25,0,0,0,0,0,0,0,1
61.75,6.75,0,0,0,0,0,0,0,1
61.75,7.25,0,0,0,0,0,0,0,0
61.75,7.75,0,0,0,0,0,0,0,0
61.75,8.25,0,0,0,0,0,0,0,0
61.75,8.75,0,0,0,0,0,0,0,0
61.75,9.25,0,0,1,0,0,0,0,0
61.75,9.75,0,0,0,0,0,0,0,0
61.75,10.25,0,0,1,0,0,0,0,0
61.75,10.75,0,0,0,0,0,0,0,0
61.75,11.25,0,0,1,0,0,0,0,0
61.75,11.75,0,0,0,0,0,0,0,0
61.75,12.25,0,0,0,0,0,0,0,0
61.75,12.75,0,0,1,0,0,0,0,0
61.75,13.25,0,0,0,0,0,0,0,0
61.75,13.75,0,0,1,0,0,0,0,0
61.75,14.25,0,0,0,0,0,0,0,0
61.75,14.75,0,0,1,0,0,0,0,0
61.75,15.25,0,0,1,0,0,0,0,0
61.75,15.75,0,0,0,0,0,0,0,0
61.75,16.25,0,0,1,0,0,0,0,0
61.75,16.75,0,0,0,0,0,0,0,0
61.75,17.25,0,0,1,0,0,0,0,1
61.75,21.25,1,0,1,0,0,0,0,0
61.75,21.75,0,0,0,0,0,0,0,1
61.75,22.25,0,0,1,0,0,0,0,0
61.75,22.75,0,0,0,0,0,0,0,0
61.75,23.25,0,0,1,0,0,0,0,0
61.75,23.75,0,0,0,0,0,0,0,0
61.75,24.25,0,0,0,0,1,0,0,0
61.75,24.75,1,0,1,0,1,0,0,0
61.75,25.25,0,0,0,0,1,0,0,1
61.75,25.75,1,0,1,0,1,0,0,1
61.75,26.25,0,0,0,0,1,0,0,0
61.75,26.75,0,0,1,0,1,0,0,0
61.75,27.25,0,0,1,0,1,0,0,0
61.75,27.75,0,0,0,0,1,0,0,0
61.75,28.25,0,0,1,0,1,0,0,0
61.75,28.75,0,0,0,0,1,0,0,0
61.75,29.25,1,0,1,0,1,0,0,0
61.75,29.75,0,0,0,0,1,0,0,0
62.25,5.25,0,0,0,0,0,0,0,0
62.25,5.75,0,0,0,0,0,0,0,1
62.25,6.25,0,0,0,0,0,0,0,1
62.25,6.75,0,0,0,0,0,0,0,1
62.25,7.25,0,0,0,0,0,0,0,1
62.25,7.75,0,0,0,0,0,0,0,1
62.25,8.25,0,0,0,0,0,0,0,1
62.25,8.75,0,0,1,0,0,0,0,0
62.25,9.25,0,0,1,0,0,0,0,0
62.25,9.75,0,0,0,0,0,0,0,0
62.25,10.25,0,0,1,0,0,0,0,0
62.25,10.75,0,0,0,0,0,0,0,0
62.25,11.25,0,0,1,0,0,0,0,0
62.25,11.75,0,0,0,0,0,0,0,0
62.25,12.25,0,0,0,0,0,0,0,0
62.25,12.75,0,0,1,0,0,0,0,0
62.25,13.25,0,0,0,0,0,0,0,0
62.25,13.75,0,0,1,0,0,0,0,0
62.25,14.25,0,0,0,0,0,0,0,0
62.25,14.75,0,0,1,0,0,0,0,0
62.25,15.25,0,0,1,0,0,0,0,0
62.25,15.75,0,0,0,0,0,0,0,0
62.25,16.25,0,0,1,0,0,0,0,0
62.25,16.75,0,0,0,0,0,0,0,1
62.25,17.25,0,0,1,0,0,0,0,1
62.25,17.75,0,0,0,0,0,0,0,0
62.25,21.25,1,0,1,0,0,0,0,0
62.25,21.75,0,0,0,0,0,0,0,0
62.25,22.25,0,0,1,0,0,0,0,0
62.25,22.75,0,0,0,0,0,0,0,0
62.25,23.25,0,0,1,0,0,0,0,0
62.25,23.75,0,0,0,0,0,0,0,0
62.25,24.25,0,0,0,0,1,0,0,0
62.25,24.75,0,0,1,0,1,0,0,0
62.25,25.25,0,0,0,0,1,0,0,0
62.25,25.75,1,0,1,0,1,0,0,0
62.25,26.25,0,0,0,0,1,0,0,0
62.25,26.75,1,0,1,0,1,0,0,0
62.25,27.25,0,0,1,0,1,0,0,0
62.25,27.75,0,0,0,0,1,0,0,0
62.25,28.25,0,0,1,0,1,0,0,0
62.25,28.75,0,0,0,0,1,0,0,0
62.25,29.25,1,0,1,0,1,0,0,0
62.25,29.75,0,0,0,0,1,0,0,0
62.75,6.25,0,0,0,0,0,0,0,0
62.75,6.75,0,0,0,0,0,0,0,0
62.75,7.25,0,0,0,0,0,0,0,0
62.75,7.75,0,0,1,0,0,0,0,1
62.75,8.25,0,0,0,0,0,0,0,1
62.75,8.75,0,0,1,0,0,0,0,1
62.75,9.25,0,0,1,0,0,0,0,1
62.75,9.75,0,0,0,0,0,0,0,0
62.75,10.25,0,0,1,0,0,0,0,0
62.75,10.75,0,0,0,0,0,0,0,0
62.75,11.25,0,0,1,0,0,0,0,0
62.75,11.75,0,0,0,0,0,0,0,0
62.75,12.25,0,0,0,0,0,0,0,0
62.75,12.75,0,0,1,0,0,0,0,0
62.75,13.25,0,0,0,0,0,0,0,0
62.75,13.75,0,0,1,0,0,0,0,0
62.75,14.25,0,0,0,0,0,0,0,0
62.75,14.75,0,0,1,0,0,0,0,0
62.75,15.25,0,0,1,0,0,0,0,0
62.75,15.75,0,0,0,0,0,0,0,0
62.75,16.25,0,0,1,0,0,0,0,0
62.75,16.75,0,0,0,0,0,0,0,1
62.75,17.25,0,0,1,0,0,0,0,0
62.75,17.75,0,0,0,0,0,0,0,0
62.75,18.25,0,0,0,0,0,0,0,0
62.75,21.25,1,0,1,0,0,0,0,0
62.75,21.75,0,0,0,0,0,0,0,0
62.75,22.25,0,0,1,0,0,0,0,0
62.75,22.75,0,0,0,0,0,0,0,0
62.75,23.25,0,0,1,0,0,0,0,0
62.75,23.75,0,0,0,0,0,0,0,0
62.75,24.25,0,0,0,0,1,0,0,0
62.75,24.75,1,0,1,0,1,0,0,0
62.75,25.25,0,0,0,0,1,0,0,0
62.75,25.75,1,0,1,0,1,0,0,0
62.75,26.25,0,0,0,0,1,0,0,0
62.75,26.75,0,0,1,0,1,0,0,0
62.75,27.25,0,0,1,0,1,0,0,0
62.75,27.75,0,0,0,0,1,0,0,0
62.75,28.25,0,0,1,0,1,0,0,0
62.75,28.75,0,0,0,0,1,0,0,0
62.75,29.25,1,0,1,0,1,0,0,0
62.75,29.75,0,0,0,0,1,0,0,0
63.25,7.25,0,0,0,0,0,0,0,0
63.25,7.75,0,0,0,0,0,0,0,0
63.25,8.25,0,0,0,0,0,0,0,1
63.25,8.75,0,0,0,0,0,0,0,1
63.25,9.25,0,0,0,0,0,0,0,1
63.25,9.75,0,0,1,0,0,0,0,1
63.25,10.25,0,0,0,0,0,0,0,1
63.25,10.75,0,0,1,0,0,0,0,0
63.25,11.25,0,0,1,0,0,0,0,0
63.25,11.75,0,0,0,0,0,0,0,0
63.25,12.25,0,0,0,0,0,0,0,0
63.25,12.75,0,0,1,0,0,0,0,0
63.25,13.25,0,0,1,0,0,0,0,0
63.25,13.75,0,0,0,0,0,0,0,0
63.25,14.25,0,0,1,0,0,0,0,0
63.25,14.75,0,0,0,0,0,0,0,0
63.25,15.25,0,0,0,0,0,0,0,0
63.25,15.75,0,0,1,0,0,0,0,0
63.25,16.25,0,0,0,0,0,0,0,0
63.25,16.75,0,0,1,0,0,0,0,0
63.25,17.25,0,0,1,0,0,0,0,0
63.25,17.75,0,0,0,0,0,0,0,0
63.25,18.25,0,0,0,0,0,0,0,1
63.25,18.75,0,0,1,0,0,0,0,1
63.25,19.25,0,0,0,0,0,0,0,0
63.25,19.75,0,0,0,0,0,0,0,0
63.25,21.25,0,0,0,0,0,0,0,0
63.25,21.75,1,0,1,0,0,0,0,0
63.25,22.25,0,0,0,0,0,0,0,0
63.25,22.75,0,0,1,0,0,0,0,0
63.25,23.25,1,0,1,0,0,0,0,0
63.25,23.75,0,0,0,0,0,0,0,0
63.25,24.25,0,0,0,0,1,0,0,0
63.25,24.75,0,0,1,0,1,0,0,0
63.25,25.25,0,0,1,0,1,0,0,0
63.25,25.75,0,0,0,0,1,0,0,0
63.25,26.25,1,0,1,0,1,0,0,0
63.25,26.75,0,0,0,0,1,0,0,0
63.25,27.25,0,0,0,0,1,0,0,0
63.25,27.75,1,0,1,0,1,0,0,0
63.25,28.25,0,0,0,0,1,0,0,0
63.25,28.75,0,0,1,0,1,0,0,0
63.25,29.25,0,0,1,0,1,0,0,0
63.25,29.75,0,0,0,0,1,0,0,0
63.75,8.25,0,0,0,0,0,0,0,0
63.75,8.75,0,0,0,0,0,0,0,1
63.75,9.25,0,0,0,0,0,0,0,0
63.75,9.75,0,0,0,0,0,0,0,1
63.75,10.25,0,0,0,0,0,0,0,1
63.75,10.75,0,0,1,0,0,0,0,1
63.75,11.25,0,0,0,0,0,0,0,1
63.75,11.75,0,0,1,0,0,0,0,0
63.75,12.25,0,0,1,0,0,0,0,0
63.75,12.75,0,0,0,0,0,0,0,0
63.75,13.25,0,0,1,0,0,0,0,0
63.75,13.75,0,0,0,0,0,0,0,0
63.75,14.25,0,0,1,0,0,0,0,0
63.75,14.75,0,0,0,0,0,0,0,0
63.75,15.25,0,0,0,0,0,0,0,0
63.75,15.75,0,0,1,0,0,0,0,0
63.75,16.25,0,0,0,0,0,0,0,0
63.75,16.75,1,0,1,0,0,0,0,0
63.75,17.25,0,0,0,0,0,0,0,0
63.75,17.75,0,0,1,0,0,0,0,0
63.75,18.25,0,0,1,0,0,0,0,0
63.75,18.75,0,0,0,0,0,0,0,0
63.75,19.25,0,0,1,0,0,0,0,0
63.75,19.75,0,0,0,0,0,0,0,0
63.75,20.25,1,0,1,0,0,0,0,0
63.75,20.75,0,0,0,0,0,0,0,0
63.75,22.25,0,0,0,0,0,0,0,0
63.75,22.75,1,0,1,0,0,0,0,0
63.75,23.25,0,0,0,0,0,0,0,0
63.75,23.75,1,0,1,0,0,0,0,0
63.75,24.25,0,0,1,0,1,0,0,0
63.75,24.75,0,0,0,0,1,0,0,0
63.75,25.25,1,0,1,0,1,0,0,0
63.75,25.75,0,0,0,0,1,0,0,0
63.75,26.25,0,0,1,0,1,0,0,0
63.75,26.75,0,0,0,0,1,0,0,0
63.75,27.25,0,0,0,0,1,0,0,0
63.75,27.75,0,0,1,0,1,0,0,0
63.75,28.25,0,0,0,0,1,0,0,0
63.75,28.75,0,0,1,0,1,0,0,0
63.75,29.25,0,0,0,0,1,0,0,0
63.75,29.75,0,0,1,0,1,0,0,0
64.25,9.75,0,0,0,0,0,0,0,0
64.25,10.25,0,0,0,0,0,0,0,0
64.25,10.75,0,0,0,0,0,0,0,1
64.25,11.25,0,0,0,0,0,0,0,1
64.25,11.75,0,0,1,0,0,0,0,1
64.25,12.25,0,0,1,0,0,0,0,1
64.25,12.75,0,0,0,0,0,0,0,0
64.25,13.25,0,0,1,0,0,0,0,0
64.25,13.75,0,0,0,0,0,0,0,0
64.25,14.25,0,0,1,0,0,0,0,0
64.25,14.75,0,0,0,0,0,0,0,0
64.25,15.25,0,0,0,0,0,0,0,0
64.25,15.75,0,0,1,0,0,0,0,0
64.25,16.25,0,0,0,0,0,0,0,0
64.25,16.75,0,0,1,0,0,0,0,0
64.25,17.25,0,0,0,0,0,0,0,0
64.25,17.75,0,0,1,0,0,0,0,0
64.25,18.25,0,0,1,0,0,0,0,0
64.25,18.75,0,0,0,0,0,0,0,0
64.25,19.25,0,0,1,0,0,0,0,0
64.25,19.75,0,0,0,0,0,0,0,0
64.25,20.25,0,0,1,0,0,0,0,0
64.25,20.75,0,0,0,0,0,0,0,0
64.25,21.25,0,0,0,0,0,0,0,0
64.25,21.75,0,0,0,0,0,0,0,0
64.25,23.25,0,0,0,0,0,0,0,0
64.25,23.75,0,0,1,0,0,0,0,0
64.25,24.25,0,0,1,0,0,0,0,0
64.25,24.75,0,0,0,0,1,0,0,0
64.25,25.25,0,0,1,0,1,0,0,0
64.25,25.75,0,0,0,0,1,0,0,0
64.25,26.25,0,0,1,0,1,0,0,0
64.25,26.75,0,0,0,0,1,0,0,0
64.25,27.25,0,0,0,0,1,0,0,0
64.25,27.75,0,0,1,0,1,0,0,0
64.25,28.25,0,0,0,0,0,0,0,0
64.25,28.75,0,0,1,0,0,0,0,0
64.25,29.25,0,0,0,0,1,0,0,0
64.25,29.75,0,0,1,0,1,0,0,0
64.75,10.75,0,0,0,0,0,0,0,0
64.75,11.25,0,0,0,0,0,0,0,0
64.75,11.75,0,0,0,0,0,0,0,0
64.75,12.25,0,0,1,0,0,0,0,0
64.75,12.75,0,0,0,0,0,0,0,0
64.75,13.25,0,0,1,0,0,0,0,0
64.75,13.75,0,0,0,0,0,0,0,0
64.75,14.25,0,0,1,0,0,0,0,0
64.75,14.75,0,0,0,0,0,0,0,0
64.75,15.25,0,0,0,0,0,0,0,0
64.75,15.75,0,0,1,0,0,0,0,0
64.75,16.25,0,0,0,0,0,0,0,0
64.75,16.75,0,0,1,0,0,0,0,0
64.75,17.25,0,0,0,0,0,0,0,0
64.75,17.75,0,0,1,0,0,0,0,0
64.75,18.25,0,0,1,0,0,0,0,0
64.75,18.75,0,0,0,0,0,0,0,0
64.75,19.25,0,0,1,0,0,0,0,0
64.75,19.75,0,0,0,0,0,0,0,0
64.75,20.25,1,0,1,0,0,0,0,0
64.75,20.75,0,0,0,0,0,0,0,0
64.75,21.25,0,0,0,0,0,0,0,0
64.75,21.75,1,0,0,0,0,0,0,0
64.75,24.25,0,0,1,0,0,0,0,0
64.75,24.75,0,0,0,0,0,0,0,0
64.75,25.25,0,0,1,0,1,0,0,0
64.75,25.75,0,0,0,0,1,0,0,0
64.75,26.25,0,0,1,0,1,0,0,0
64.75,26.75,0,0,0,0,1,0,0,0
64.75,27.25,0,0,0,0,1,0,0,0
64.75,27.75,0,0,1,0,1,0,0,0
64.75,28.25,0,0,0,0,1,0,0,0
64.75,28.75,0,0,1,0,1,0,0,0
64.75,29.25,0,0,0,0,0,0,0,0
64.75,29.75,0,0,1,0,0,0,0,0
65.25,11.75,0,0,0,0,0,0,0,0
65.25,12.25,0,0,0,0,0,0,0,0
65.25,12.75,0,0,0,0,0,0,0,0
65.25,13.25,0,0,1,0,0,0,0,0
65.25,13.75,0,0,0,0,0,0,0,0
65.25,14.25,0,0,1,0,0,0,0,0
65.25,14.75,0,0,0,0,0,0,0,0
65.25,15.25,0,0,0,0,0,0,0,0
65.25,15.75,0,0,1,0,0,0,0,0
65.25,16.25,0,0,0,0,0,0,0,0
65.25,16.75,0,0,1,0,0,0,0,0
65.25,17.25,0,0,0,0,0,0,0,0
65.25,17.75,0,0,1,0,0,0,0,0
65.25,18.25,0,0,1,0,0,0,0,0
65.25,18.75,0,0,0,0,0,0,0,0
65.25,19.25,0,0,1,0,0,0,0,0
65.25,19.75,0,0,0,0,0,0,0,0
65.25,20.25,0,0,1,0,0,0,0,0
65.25,20.75,0,0,0,0,0,0,0,0
65.25,21.25,0,0,0,0,0,0,0,0
65.25,21.75,0,0,1,0,0,0,0,0
65.25,24.75,0,0,0,0,1,0,0,0
65.25,25.25,1,0,1,0,1,0,0,0
65.25,25.75,0,0,0,0,1,0,0,0
65.25,26.25,0,0,1,0,1,0,0,0
65.25,26.75,0,0,0,0,1,0,0,0
65.25,27.25,0,0,0,0,1,0,0,0
65.25,27.75,0,0,1,0,1,0,0,0
65.25,28.25,0,0,0,0,1,0,0,0
65.25,28.75,0,0,1,0,1,0,0,0
65.25,29.25,0,0,0,0,1,0,0,0
65.25,29.75,0,0,1,0,0,0,0,0
65.75,11.75,0,0,0,0,0,0,0,0
65.75,12.25,0,0,0,0,0,0,0,0
65.75,12.75,0,0,0,0,0,0,0,1
65.75,13.25,0,0,0,0,0,0,0,0
65.75,13.75,0,0,0,0,0,0,0,0
65.75,14.25,0,0,0,0,0,0,0,0
65.75,14.75,0,0,0,0,0,0,0,0
65.75,15.25,0,0,0,0,0,0,0,0
65.75,15.75,0,0,1,0,0,0,0,0
65.75,16.25,0,0,0,0,0,0,0,0
65.75,16.75,0,0,1,0,0,0,0,0
65.75,17.25,0,0,0,0,0,0,0,0
65.75,17.75,0,0,1,0,0,0,0,0
65.75,18.25,0,0,1,0,0,0,0,0
65.75,18.75,0,0,0,0,0,0,0,0
65.75,19.25,0,0,1,0,0,0,0,0
65.75,19.75,0,0,0,0,0,0,0,0
65.75,20.25,0,0,1,0,0,0,0,0
65.75,20.75,0,0,0,0,0,0,0,0
65.75,21.25,0,0,0,0,0,0,0,0
65.75,21.75,0,0,1,0,0,0,0,0
65.75,22.25,0,0,0,0,1,0,0,0
65.75,22.75,0,0,1,0,1,0,0,0
65.75,23.25,0,0,0,0,1,0,0,0
65.75,23.75,0,0,1,0,1,0,0,0
65.75,24.25,0,0,0,0,1,0,0,0
65.75,24.75,0,0,0,0,1,0,0,0
65.75,25.25,0,0,1,0,1,0,0,0
65.75,25.75,0,0,0,0,1,0,0,0
65.75,26.25,0,0,1,0,1,0,0,0
65.75,26.75,0,0,0,0,1,0,0,0
65.75,27.25,0,0,0,0,1,0,0,0
65.75,27.75,0,0,1,0,1,0,0,0
65.75,28.25,0,0,0,0,1,0,0,0
65.75,28.75,0,0,1,0,1,0,0,0
65.75,29.25,0,0,0,0,1,0,0,0
65.75,29.75,0,0,1,0,1,0,0,0
66.25,12.25,0,0,0,0,0,0,0,0
66.25,12.75,0,0,0,0,0,0,0,0
66.25,13.25,1,0,0,0,0,0,0,1
66.25,13.75,0,0,0,0,0,0,0,0
66.25,14.25,1,0,1,0,0,0,0,0
66.25,14.75,0,0,0,0,0,0,0,0
66.25,15.25,0,0,0,0,0,0,0,0
66.25,15.75,0,0,1,0,0,0,0,0
66.25,16.25,0,0,0,0,0,0,0,0
66.25,16.75,0,0,1,0,0,0,0,0
66.25,17.25,0,0,0,0,0,0,0,0
66.25,17.75,0,0,1,0,0,0,0,0
66.25,18.25,0,0,1,0,0,0,0,0
66.25,18.75,0,0,0,0,0,0,0,0
66.25,19.25,0,0,1,0,0,0,0,0
66.25,19.75,0,0,0,0,0,0,0,0
66.25,20.25,0,0,1,0,0,0,0,0
66.25,20.75,0,0,0,0,0,0,0,0
66.25,21.25,0,0,0,0,0,0,0,0
66.25,21.75,0,0,1,0,1,0,0,0
66.25,22.25,0,0,0,0,1,0,0,0
66.25,22.75,0,0,1,0,1,0,0,0
66.25,23.25,0,0,0,0,1,0,0,0
66.25,23.75,0,0,1,0,1,0,0,0
66.25,24.25,1,0,1,0,1,0,0,0
66.25,24.75,0,0,0,0,1,0,0,0
66.25,25.25,0,0,1,0,1,0,0,0
66.25,25.75,0,0,0,0,1,0,0,0
66.25,26.25,0,0,1,0,1,0,0,0
66.25,26.75,0,0,0,0,1,0,0,0
66.25,27.25,0,0,0,0,1,0,0,0
66.25,27.75,0,0,1,0,1,0,0,0
66.25,28.25,0,0,0,0,1,0,0,0
66.25,28.75,0,0,1,0,1,0,0,0
66.25,29.25,0,0,0,0,1,0,0,0
66.25,29.75,0,0,1,0,1,0,0,0
66.75,13.25,0,0,0,0,0,0,0,0
66.75,13.75,0,0,0,0,0,0,0,1
66.75,14.25,0,0,0,0,0,0,0,0
66.75,14.75,0,0,0,0,0,0,0,0
66.75,15.25,0,0,0,0,0,0,0,0
66.75,15.75,0,0,0,0,0,0,0,0
66.75,16.25,0,0,0,0,0,0,0,0
66.75,16.75,0,0,0,0,0,0,0,0
66.75,17.25,0,0,0,0,0,0,0,0
66.75,17.75,0,0,1,0,0,0,0,0
66.75,18.25,0,0,1,0,0,0,0,0
66.75,18.75,0,0,0,0,0,0,0,0
66.75,19.25,0,0,1,0,0,0,0,0
66.75,19.75,0,0,0,0,0,0,0,0
66.75,20.25,0,0,1,0,0,0,0,0
66.75,20.75,0,0,0,0,0,0,0,0
66.75,21.25,0,0,0,0,1,0,0,0
66.75,21.75,0,0,1,0,1,0,0,0
66.75,22.25,0,0,0,0,1,0,0,0
66.75,22.75,0,0,1,0,1,0,0,0
66.75,23.25,0,0,0,0,1,0,0,0
66.75,23.75,0,0,1,0,1,0,0,0
66.75,24.25,0,0,1,0,1,0,0,0
66.75,24.75,0,0,0,0,1,0,0,0
66.75,25.25,0,0,1,0,1,0,0,0
66.75,25.75,0,0,0,0,1,0,0,0
66.75,26.25,0,0,1,0,1,0,0,0
66.75,26.75,0,0,0,0,1,0,0,0
66.75,27.25,0,0,0,0,1,0,0,0
66.75,27.75,0,0,1,0,1,0,0,0
66.75,28.25,0,0,0,0,1,0,0,0
66.75,28.75,0,0,1,0,1,0,0,0
66.75,29.25,0,0,0,0,1,0,0,0
66.75,29.75,0,0,1,0,1,0,0,0
67.25,14.25,0,0,0,0,0,0,0,0
67.25,14.75,0,0,0,0,0,0,0,0
67.25,15.25,0,0,0,0,0,0,0,0
67.25,15.75,0,0,0,0,0,0,0,0
67.25,16.25,0,0,0,0,0,0,0,0
67.25,16.75,0,0,0,0,0,0,0,0
67.25,17.25,0,0,0,0,0,0,0,0
67.25,17.75,0,0,0,0,0,0,0,0
67.25,18.25,0,0,0,0,0,0,0,0
67.25,18.75,0,0,0,0,0,0,0,0
67.25,19.25,0,0,1,0,0,0,0,0
67.25,19.75,0,0,0,0,0,0,0,0
67.25,20.25,0,0,1,0,0,0,0,0
67.25,20.75,0,0,0,0,0,0,0,0
67.25,21.25,0,0,0,0,1,0,0,0
67.25,21.75,0,0,1,0,0,0,0,0
67.25,22.25,0,0,0,0,1,0,0,0
67.25,22.75,0,0,1,0,0,0,0,0
67.25,23.25,0,0,0,0,0,0,0,0
67.25,23.75,0,0,0,0,0,0,0,0
67.25,24.25,0,0,1,0,1,0,0,0
67.25,24.75,0,0,0,0,1,0,0,0
67.25,25.25,0,0,1,0,0,0,0,0
67.25,25.75,0,0,0,0,1,0,0,0
67.25,26.25,0,0,1,0,1,0,0,0
67.25,26.75,0,0,0,0,1,0,0,0
67.25,27.25,0,0,0,0,0,0,0,0
67.25,27.75,0,0,1,0,0,0,0,0
67.25,28.25,0,0,0,0,0,0,0,0
67.25,28.75,0,0,1,0,0,0,0,0
67.25,29.25,0,0,0,0,0,0,0,0
67.25,29.75,0,0,0,0,0,0,0,0
67.75,12.75,0,0,0,0,0,0,0,0
67.75,13.25,0,0,0,0,0,0,0,0
67.75,14.75,0,0,0,0,0,0,0,0
67.75,15.25,0,0,0,0,0,0,0,0
67.75,15.75,0,0,0,0,0,0,0,0
67.75,16.25,0,0,0,0,0,0,0,0
67.75,16.75,0,0,0,0,0,0,0,0
67.75,17.25,0,0,0,0,0,0,0,0
67.75,17.75,0,0,0,0,0,0,0,0
67.75,18.25,0,0,0,0,0,0,0,0
67.75,18.75,0,0,0,0,0,0,0,0
67.75,19.25,0,0,0,0,0,0,0,0
67.75,19.75,0,0,0,0,0,0,0,0
67.75,20.25,0,0,1,0,0,0,0,0
67.75,20.75,0,0,0,0,0,0,0,0
67.75,21.25,0,0,0,0,0,0,0,0
67.75,21.75,0,0,1,0,0,0,0,0
67.75,22.25,0,0,0,0,0,0,0,0
67.75,22.75,0,0,1,0,0,0,0,0
67.75,23.25,0,0,0,0,0,0,0,0
67.75,23.75,0,0,0,0,0,0,0,0
67.75,24.25,0,0,1,0,0,0,0,0
67.75,24.75,0,0,0,0,0,0,0,0
67.75,25.25,0,0,1,0,0,0,0,0
67.75,25.75,0,0,0,0,0,0,0,0
67.75,26.25,0,0,1,0,0,0,0,0
67.75,26.75,0,0,0,0,0,0,0,0
67.75,27.25,0,0,0,0,0,0,0,0
67.75,27.75,0,0,1,0,0,0,0,0
67.75,28.25,0,0,0,0,0,0,0,0
67.75,28.75,0,0,1,0,0,0,0,0
67.75,29.25,0,0,0,0,0,0,0,0
67.75,29.75,0,0,0,0,0,0,0,0
68.25,12.75,0,0,0,0,0,0,0,0
68.25,13.25,0,0,0,0,0,0,0,0
68.25,13.75,0,0,0,0,0,0,0,0
68.25,14.25,0,0,0,0,0,0,0,0
68.25,14.75,0,0,0,0,0,0,0,0
68.25,15.25,0,0,0,0,0,0,0,0
68.25,15.75,0,0,0,0,0,0,0,0
68.25,16.25,0,0,0,0,0,0,0,0
68.25,16.75,0,0,0,0,0,0,0,0
68.25,17.25,0,0,0,0,0,0,0,0
68.25,17.75,0,0,0,0,0,0,0,0
68.25,18.25,0,0,0,0,0,0,0,0
68.25,18.75,0,0,0,0,0,0,0,0
68.25,19.25,0,0,0,0,0,0,0,0
68.25,19.75,0,0,0,0,0,0,0,0
68.25,20.25,0,0,1,0,0,0,0,0
68.25,20.75,0,0,0,0,0,0,0,0
68.25,21.25,0,0,0,0,0,0,0,0
68.25,21.75,0,0,1,0,0,0,0,0
68.25,22.25,0,0,0,0,0,0,0,0
68.25,22.75,0,0,1,0,0,0,0,0
68.25,23.25,0,0,0,0,0,0,0,0
68.25,23.75,0,0,0,0,0,0,0,0
68.25,24.25,0,0,1,0,0,0,0,0
68.25,24.75,0,0,0,0,0,0,0,0
68.25,25.25,0,0,1,0,0,0,0,0
68.25,25.75,0,0,0,0,0,0,0,0
68.25,26.25,0,0,1,0,0,0,0,0
68.25,26.75,0,0,0,0,0,0,0,0
68.25,27.25,0,0,0,0,0,0,0,0
68.25,27.75,0,0,1,0,0,0,0,0
68.25,28.25,0,0,0,0,0,0,0,0
68.25,28.75,0,0,0,0,0,0,0,0
68.25,29.25,0,0,0,0,0,0,0,0
68.25,29.75,0,0,0,0,0,0,0,0
68.75,14.25,0,0,0,0,0,0,0,0
68.75,14.75,0,0,0,0,0,0,0,0
68.75,15.25,0,0,0,0,0,0,0,0
68.75,15.75,0,0,0,0,0,0,0,0
68.75,16.25,0,0,0,0,0,0,0,0
68.75,16.75,0,0,0,0,0,0,0,0
68.75,17.25,0,0,0,0,0,0,0,0
68.75,17.75,0,0,0,0,0,0,0,0
68.75,18.25,0,0,0,0,0,0,0,0
68.75,18.75,0,0,0,0,0,0,0,0
68.75,19.25,0,0,0,0,0,0,0,0
68.75,19.75,0,0,0,0,0,0,0,0
68.75,20.25,0,0,0,0,0,0,0,0
68.75,20.75,0,0,0,0,0,0,0,0
68.75,21.25,0,0,0,0,0,0,0,0
68.75,21.75,0,0,1,0,0,0,0,0
68.75,22.25,0,0,0,0,0,0,0,0
68.75,22.75,0,0,1,0,0,0,0,0
68.75,23.25,0,0,0,0,0,0,0,0
68.75,23.75,0,0,0,0,0,0,0,0
68.75,24.25,0,0,1,0,0,0,0,0
68.75,24.75,0,0,0,0,0,0,0,0
68.75,25.25,0,0,1,0,0,0,0,0
68.75,25.75,0,0,0,0,0,0,0,0
68.75,26.25,0,0,1,0,0,0,0,0
68.75,26.75,0,0,0,0,0,0,0,0
68.75,27.25,0,0,0,0,0,0,0,0
68.75,27.75,0,0,1,0,0,0,0,0
68.75,28.25,0,0,0,0,0,0,0,0
68.75,28.75,0,0,0,0,0,0,0,0
68.75,29.25,0,0,0,0,0,0,0,0
68.75,29.75,0,0,0,0,0,0,0,0
69.25,15.75,0,0,0,0,0,0,0,0
69.25,16.25,0,0,0,0,0,0,0,0
69.25,16.75,0,0,0,0,0,0,0,0
69.25,17.25,0,0,0,0,0,0,0,0
69.25,17.75,0,0,0,0,0,0,0,0
69.25,18.25,0,0,0,0,0,0,0,0
69.25,18.75,0,0,0,0,0,0,0,0
69.25,19.25,0,0,0,0,0,0,0,0
69.25,19.75,0,0,0,0,0,0,0,0
69.25,20.25,0,0,0,0,0,0,0,0
69.25,20.75,0,0,0,0,0,0,0,0
69.25,21.25,0,0,0,0,0,0,0,0
69.25,21.75,0,0,0,0,0,0,0,0
69.25,22.25,0,0,0,0,0,0,0,0
69.25,22.75,0,0,0,0,0,0,0,0
69.25,23.25,0,0,0,0,0,0,0,0
69.25,23.75,0,0,0,0,0,0,0,0
69.25,24.25,0,0,0,0,0,0,0,0
69.25,24.75,0,0,0,0,0,0,0,0
69.25,25.25,0,0,0,0,0,0,0,0
69.25,25.75,0,0,0,0,0,0,0,0
69.25,26.25,0,0,1,0,0,0,0,0
69.25,26.75,0,0,0,0,0,0,0,0
69.25,27.25,0,0,0,0,0,0,0,0
69.25,27.75,0,0,1,0,0,0,0,0
69.25,28.25,0,0,0,0,0,0,0,0
69.25,28.75,0,0,0,0,0,0,0,0
69.25,29.25,0,0,1,0,0,0,0,0
69.25,29.75,0,0,0,0,0,0,0,0
69.75,17.25,0,0,0,0,0,0,0,0
69.75,17.75,0,0,0,0,0,0,0,0
69.75,18.25,0,0,0,0,0,0,0,0
69.75,18.75,0,0,0,0,0,0,0,0
69.75,19.25,0,0,0,0,0,0,0,0
69.75,19.75,0,0,0,0,0,0,0,0
69.75,20.25,0,0,0,0,0,0,0,0
69.75,20.75,0,0,0,0,0,0,0,0
69.75,21.25,0,0,0,0,0,0,0,0
69.75,21.75,0,0,0,0,0,0,0,0
69.75,22.25,0,0,0,0,0,0,0,0
69.75,22.75,0,0,0,0,0,0,0,0
69.75,23.25,0,0,0,0,0,0,0,0
69.75,23.75,0,0,0,0,0,0,0,0
69.75,24.25,0,0,0,0,0,0,0,0
69.75,24.75,0,0,0,0,0,0,0,0
69.75,25.25,0,0,0,0,0,0,0,0
69.75,25.75,0,0,0,0,0,0,0,0
69.75,26.25,0,0,1,0,0,0,0,0
69.75,26.75,0,0,0,0,0,0,0,0
69.75,27.25,0,0,0,0,0,0,0,0
69.75,27.75,0,0,0,0,0,0,0,0
69.75,28.25,0,0,0,0,0,0,0,0
69.75,28.75,0,0,0,0,0,0,0,0
69.75,29.25,0,0,0,0,0,0,0,0
69.75,29.75,0,0,0,0,0,0,0,0
70.25,18.75,0,0,0,0,0,0,0,0
70.25,19.25,0,0,0,0,0,0,0,0
70.25,19.75,0,0,0,0,0,0,0,0
70.25,20.25,0,0,0,0,0,0,0,0
70.25,20.75,0,0,0,0,0,0,0,0
70.25,21.25,0,0,0,0,0,0,0,0
70.25,21.75,0,0,0,0,0,0,0,0
70.25,22.25,0,0,0,0,0,0,0,0
70.25,22.75,0,0,0,0,0,0,0,0
70.25,23.25,0,0,0,0,0,0,0,0
70.25,23.75,0,0,0,0,0,0,0,0
70.25,24.25,0,0,0,0,0,0,0,0
70.25,24.75,0,0,1,0,0,0,0,0
70.25,25.25,0,0,0,0,0,0,0,0
70.25,25.75,0,0,0,0,0,0,0,0
70.25,26.25,0,0,0,0,0,0,0,0
70.25,26.75,0,0,0,0,0,0,0,0
70.25,27.25,0,0,0,0,0,0,0,0
70.25,27.75,0,0,0,0,0,0,0,0
70.25,28.25,0,0,0,0,0,0,0,0
70.25,28.75,0,0,0,0,0,0,0,0
70.25,29.25,0,0,0,0,0,0,0,0
70.25,29.75,0,0,0,0,0,0,0,0
70.75,22.25,0,0,0,0,0,0,0,0
70.75,22.75,0,0,0,0,0,0,0,0
70.75,23.25,0,0,0,0,0,0,0,0
70.75,23.75,0,0,0,0,0,0,0,0
70.75,24.25,0,0,0,0,0,0,0,0
70.75,24.75,0,0,0,0,0,0,0,0
70.75,25.25,0,0,0,0,0,0,0,0
70.75,25.75,0,0,0,0,0,0,0,0
70.75,26.25,0,0,0,0,0,0,0,0
70.75,26.75,0,0,0,0,0,0,0,0
70.75,27.25,0,0,0,0,0,0,0,0
70.75,27.75,0,0,0,0,0,0,0,0
70.75,28.25,0,0,0,0,0,0,0,0
70.75,28.75,0,0,0,0,0,0,0,0
70.75,29.25,0,0,0,0,0,0,0,0
70.75,29.75,0,0,0,0,0,0,0,0
71.25,23.75,0,0,0,0,0,0,0,0
71.25,24.25,0,0,0,0,0,0,0,0
71.25,24.75,0,0,0,0,0,0,0,0
71.25,25.25,0,0,0,0,0,0,0,0
71.25,25.75,0,0,0,0,0,0,0,0
71.25,26.25,0,0,0,0,0,0,0,0
71.25,27.75,0,0,0,0,0,0,0,0
71.25,28.25,0,0,0,0,0,0,0,0
